1.72522,2.55506,2.43391,0.101563,0.519511,0.032608,3
1.09024,2.8523,0.643233,-0.418818,0.255128,1.13993,2
2.68189,3.01967,1.40523,0.905587,1.18197,1.15859,3
1.60928,2.62379,2.49101,1.6637,1.2281,1.85436,-0
1.98854,2.67275,3.13934,0.0650659,1.7051,1.08846,2
1.71084,1.65323,0.376168,0.923812,1.58286,1.39818,2
2.55875,2.67242,0.27348,0.472937,1.81615,1.53366,3
0.278118,2.26997,2.77131,1.39578,0.480442,0.986385,1
3.24402,3.11251,3.37312,0.425806,0.695909,1.637,1
3.65159,0.838747,3.23477,1.27531,1.19449,1.65391,1
2.49135,3.63594,1.78105,0.34924,1.22058,2.2694,1
2.2681,1.73244,2.12292,0.396725,2.18288,-0.00231452,2
2.04732,1.35945,1.6756,2.0763,0.551671,1.21211,-1
2.42719,1.52229,1.92589,0.227807,0.890348,2.10279,2
1.32404,3.05393,1.83369,-0.00362475,0.817422,0.0237432,2
2.38494,2.29287,4.2253,0.290398,-0.418946,1.21547,3
-0.961183,0.478321,1.86918,1.38118,1.21266,1.63653,1
-0.470977,1.38074,1.74746,2.24062,-0.45862,2.17156,-0
1.33407,0.297214,1.84724,0.850028,1.87943,1.61615,2
1.83389,3.42402,2.37677,1.31423,1.9852,1.17097,1
0.948626,3.15939,1.2145,0.259063,0.462622,0.849913,1
3.47687,0.349669,1.1284,1.5481,2.60677,0.759707,1
0.644921,3.04777,2.15605,0.511772,1.58942,1.14892,2
2.77457,1.51593,2.11374,1.44587,-0.10568,2.18181,2
0.141438,1.61211,-0.292349,0.907906,0.176361,-0.690511,3
1.89548,1.17772,0.276723,2.06868,2.26765,-0.489619,2
1.61026,0.12338,0.661534,-0.102559,0.596283,0.973838,3
2.27418,1.89936,0.702847,-0.20798,0.755438,0.117444,1
1.67835,1.94791,0.560485,2.10106,2.3824,0.52628,1
1.14804,3.07815,0.401113,2.71919,1.6282,1.30176,1
1.12689,2.02848,0.604387,2.12413,0.536363,0.67723,0
1.83186,1.22729,3.36234,-0.254065,1.55332,0.641292,2
2.26849,2.49358,3.00633,1.73239,1.31747,1.73689,1
1.61479,1.47581,1.42028,0.679456,1.27457,2.26741,1
2.39722,2.10721,2.16518,1.23081,0.575742,0.0231178,-0
1.27696,3.06685,2.54774,0.638703,0.223302,0.702572,2
1.30013,1.98285,2.61501,0.127008,0.901988,0.53507,3
2.27883,1.61783,3.48608,1.39504,2.16373,1.34949,2
2.69513,0.41771,2.94541,0.471051,2.06833,0.282064,3
0.492229,1.50665,0.0874963,3.0417,0.488233,1.02813,2
1.8172,0.0742787,3.52775,1.20672,1.10522,2.11089,3
3.05296,0.268612,1.39662,0.0841552,-0.0390759,0.195252,3
1.09291,1.77853,2.09921,2.65331,-0.876904,1.24525,0
0.921416,0.780374,2.98373,3.02714,0.211165,1.4571,-0
1.68714,1.99379,1.47414,-1.31768,1.8264,1.50012,2
2.7403,1.92702,1.54065,1.04233,2.0157,0.431854,2
0.311899,1.55702,2.05543,1.12741,0.171802,0.405238,1
0.116201,3.17171,1.95502,1.20353,0.825589,0.514884,2
2.2025,0.711834,1.11463,1.23661,1.16562,1.62177,3
1.61733,0.919576,2.18406,1.79873,0.694315,1.35749,2
1.82589,4.38879,1.08602,1.76565,1.68991,2.17518,2
2.84524,3.20233,1.77247,1.41303,1.32414,1.01567,1
0.63448,0.00375383,0.418684,1.70182,0.594051,1.04062,2
3.06264,1.67662,2.76991,-0.727891,2.85332,0.307862,2
0.423719,3.4247,0.522032,-0.418795,1.80821,-0.0355016,2
-0.481525,2.30127,1.82796,0.984757,2.52042,0.413026,2
2.32989,4.68111,2.07073,0.169891,1.74114,0.457365,1
1.6837,0.977316,1.19399,0.64737,2.33162,0.963542,2
-0.276364,2.68376,2.27266,1.5506,0.708809,0.711244,2
0.715749,3.112,1.05474,1.63164,1.26496,1.84445,1
2.50754,3.36005,1.34415,1.22225,0.402656,1.74165,1
0.907747,0.752092,0.183952,1.71966,1.0961,0.831341,2
3.25741,2.93381,2.89337,0.673667,0.304494,0.897598,2
0.601299,1.80615,-0.0147726,1.78992,-0.205402,0.905114,0
0.450409,1.39131,1.1173,0.79511,1.39591,1.05668,3
3.01653,1.15424,-0.30917,1.68971,1.08403,0.203994,3
3.17082,2.74437,3.52592,1.83237,0.850811,0.836378,1
2.05548,0.653632,0.669992,0.363387,1.50744,0.652749,0
-0.892804,-0.0647036,0.478589,0.762671,1.2133,1.00358,2
1.54157,0.53796,1.1186,1.34687,0.938578,-0.462027,0
2.63248,1.99719,0.580071,0.934206,0.870122,1.92204,1
1.36506,3.19791,2.1432,1.64797,0.395423,1.08172,3
0.915466,1.87531,2.32747,0.396153,0.352768,1.0033,1
1.30677,2.22314,1.00322,1.35187,1.25027,-0.0958035,1
2.57907,0.290818,0.372628,1.6602,2.23826,0.428764,1
1.60559,1.60329,1.23209,1.51835,2.36387,2.20252,2
3.21789,2.35414,2.32133,0.438849,2.2116,1.24853,2
0.323869,2.26063,3.62795,0.12059,0.476135,0.489408,2
2.03469,-0.921243,1.74538,0.267147,0.551816,1.65977,1
2.79699,3.54671,0.811036,0.634057,1.17356,0.0447609,1
0.652607,0.891573,2.67672,-0.369988,1.95683,1.35133,3
1.06863,1.51522,1.48501,1.62057,0.859405,0.128523,-1
0.0427646,0.976176,0.0611913,0.688663,1.93777,-0.206845,1
2.68707,0.576017,1.17244,1.26524,0.483226,0.900111,0
1.43445,1.70601,2.73425,2.65003,1.18533,1.47645,-1
2.75567,0.853681,3.39239,2.00607,1.43674,1.84346,1
0.96112,1.81755,1.41384,-0.147493,2.32133,1.43595,3
-0.179053,3.37538,2.06514,0.901499,2.48974,1.18613,2
1.81709,3.16363,1.10789,0.735777,2.01984,0.86467,2
2.41615,0.489054,-0.568882,0.013308,0.933084,0.860345,2
-0.951631,2.48552,0.191809,2.44812,-0.519192,1.30534,2
0.576863,3.5049,2.54793,-0.243283,1.39242,0.168567,2
-0.177752,1.85203,0.158712,1.98961,0.876054,0.74113,2
2.17486,2.49888,1.84655,0.179733,2.85184,-0.0325871,1
2.28909,0.0410986,1.03383,1.1495,1.49532,1.78741,-0
0.173958,-0.474455,0.0219519,0.601055,1.56146,1.74461,2
1.39275,2.8533,-0.404712,1.176,0.315496,-0.238309,2
2.68673,1.60493,2.14724,1.01191,1.17002,0.22417,1
1.41529,0.532019,0.840564,1.92166,1.91447,1.35364,2
-0.0759284,0.808395,1.56347,1.0466,0.806095,0.615542,2
-0.864285,1.95576,3.03053,1.20598,2.04505,0.748849,1
0.760386,0.176435,0.954548,0.754156,-0.580314,1.09872,1
0.850745,1.16939,1.60946,1.29339,-0.347651,0.130868,1
0.587771,1.87053,1.76672,1.93667,0.45575,-0.0796728,2
0.771112,-0.269352,0.0730148,0.779056,1.37103,2.00395,2
0.00178403,2.62756,2.09744,1.49002,0.00141905,1.10253,1
-1.18901,2.1798,0.958709,-0.641836,1.04267,0.536232,1
1.88952,2.75776,3.2016,0.599455,1.83375,1.12652,2
1.64227,2.54786,0.615847,0.673199,-0.555057,0.533101,2
0.416118,1.91151,0.951934,2.47488,1.90437,1.93221,2
1.03623,1.24771,-0.897889,-0.0488371,0.866969,0.133408,2
1.46971,1.448,3.50357,1.04239,0.915422,1.25903,3
1.40471,1.21953,0.99053,-0.400273,0.455666,2.09324,2
2.49532,2.35004,1.19298,-0.248412,0.351279,0.70495,2
1.79813,-0.320108,1.23681,0.374493,-0.576984,1.35972,1
-0.00245642,1.38734,1.97204,0.0974678,1.009,0.777581,1
0.439063,0.705534,2.90434,1.34274,-0.304526,1.57902,1
1.31305,1.30418,0.851726,0.19736,0.29864,2.51235,1
2.67456,0.905953,0.904022,0.618724,-0.560704,0.631306,2
2.07496,0.432883,2.26916,0.36408,0.193612,0.462817,1
0.0839429,1.18568,1.27112,1.28142,2.35116,-0.130495,1
0.453869,2.6357,1.97784,1.80039,-0.427865,1.29076,1
1.76048,1.78324,1.28145,-0.0734804,0.260493,1.33972,2
2.85361,-0.0431645,0.291437,1.33198,0.786815,1.69233,1
1.58299,0.939581,2.02037,-0.0212074,2.10731,0.337821,2
0.929632,2.72063,3.63116,-0.492795,0.547229,0.570556,2
0.125312,2.14376,1.46665,0.319019,-0.45289,0.406353,2
1.10238,2.77583,3.94102,0.654507,2.6864,1.47496,1
-1.44198,1.61111,1.19476,-0.554252,1.10035,1.15344,1
0.339411,0.31984,2.09972,2.05666,0.708531,1.90443,3
1.85623,0.729645,0.416326,1.98076,0.0735175,0.336567,1
2.36269,2.65853,1.29941,0.393521,0.613554,1.49887,3
0.550169,0.272879,0.743942,1.13933,0.561703,1.93406,3
0.324173,0.269409,1.72589,0.93431,0.316037,1.53861,1
0.258169,1.24083,-0.498614,1.90084,0.437332,0.822594,1
2.44693,0.200063,0.624258,0.146397,2.36371,0.775614,2
-0.0417977,1.07634,0.0341505,1.85395,-0.591853,1.40566,1
2.63522,2.18505,2.78919,1.20246,0.515447,1.30455,1
0.759771,0.628416,2.21581,-0.0980345,2.34035,-0.24361,2
2.47384,1.99666,3.66718,2.29548,1.21409,0.530398,2
2.15369,3.54324,1.9888,0.329206,2.00562,-0.16447,2
2.51502,1.92037,3.36959,1.68085,3.0517,1.38479,-0
-0.428095,2.98987,1.80665,0.420669,2.86366,2.41592,2
-3.03825,0.71397,-6.12984,-3.54066,-2.99111,0.0619657,-7
0.530034,2.71404,-0.337315,1.00308,1.01185,1.55427,3
0.22131,2.87448,1.69202,0.954208,0.668024,0.191685,1
1.40446,1.22446,1.88086,3.6307,2.05397,1.80563,2
1.08336,2.85747,1.40557,0.0189948,1.99207,1.92884,2
-1.47312,2.83621,2.44669,1.11414,0.263574,1.61162,-0
-0.213776,0.570376,0.687656,2.36329,1.62402,0.719828,2
-0.433695,0.454394,-0.712826,1.07051,0.464394,1.01912,3
1.83211,1.95699,1.40097,1.68505,-0.304513,1.33988,-1
2.25034,1.92624,2.11123,1.20429,1.41344,1.48197,1
0.690085,2.29341,2.73216,0.679294,2.38826,0.545062,2
0.320786,0.487284,0.698426,-0.273918,0.9436,1.10782,1
2.03924,2.59318,0.676791,1.07301,1.25552,1.26336,2
0.495076,0.140637,3.51499,0.641936,0.941415,1.05957,-0
3.20625,3.38959,2.32611,2.69288,0.625602,2.00924,1
-0.71132,2.46532,1.80006,2.06016,-0.65247,0.00224278,2
1.05648,2.34307,1.90106,0.75572,1.05788,0.852843,3
3.09061,0.322594,1.75381,0.299298,1.54049,0.0840179,2
2.99094,1.61853,1.46488,1.41498,2.14243,0.970989,1
3.34466,2.40509,1.4183,1.5058,2.10647,1.58647,1
2.49129,2.23166,2.74458,0.722665,1.24519,1.79945,3
3.1155,2.85428,3.25745,1.26775,0.647477,1.0409,2
3.52969,2.64307,2.24621,0.900178,1.65765,1.77522,1
1.67414,1.3692,3.25501,1.73985,0.559494,0.207512,0
0.00387281,2.42109,1.18588,1.65786,0.220336,1.37542,1
0.811205,1.80032,2.67703,0.576701,1.27386,0.142577,1
0.00665578,2.10673,0.401162,1.37655,1.24253,1.08355,2
0.162373,0.325416,1.67721,1.87885,0.192045,0.857225,2
1.16063,2.4139,2.33558,1.12834,2.70677,1.9043,2
1.99405,3.91249,0.603931,0.442551,2.19319,2.11083,1
0.91709,0.0985158,2.63571,1.62853,0.721079,0.151396,1
0.478943,1.47464,2.66551,0.873573,0.474427,2.75695,2
1.0883,-0.708927,1.15647,1.41538,0.00988909,0.106997,2
1.39685,2.51773,-1.21219,0.740793,-0.748782,2.0281,1
0.981394,1.6248,-0.980884,0.583274,0.706961,0.286939,-0
1.89408,1.3301,-1.21929,0.58233,2.52024,1.25933,2
0.373056,2.00648,0.669066,1.40058,0.952548,1.87706,2
1.31264,2.42485,-0.133582,1.57212,1.37803,2.27395,1
0.126711,3.61991,2.19026,1.65544,1.71216,0.332824,3
0.946832,0.726105,-0.909039,0.39823,1.4939,1.41638,-0
1.46964,2.12184,1.50363,0.510915,2.13395,0.688197,1
1.56759,1.10403,3.21691,0.259714,0.839771,2.03918,1
1.46598,2.51462,-0.131395,0.627712,0.83898,0.164338,3
1.50061,1.88491,0.83978,1.14798,0.0274858,1.55407,0
1.90939,1.88338,-0.489861,0.112916,0.27472,-0.277219,2
1.38995,2.81695,-0.672859,0.353983,-0.0220552,-0.329785,2
3.00561,0.595376,0.299997,1.79751,0.272654,1.01757,2
0.482942,0.880655,1.96416,2.21501,1.18441,2.7996,1
-0.328765,0.752331,0.185269,0.838136,1.31742,1.39391,2
2.13308,2.28561,0.242707,1.77459,2.1584,0.920081,2
1.82654,2.02066,2.45008,0.19953,2.02856,1.2391,2
-0.251774,1.53098,0.274392,1.3323,1.28194,0.517404,1
-0.525323,0.66958,-0.770706,0.207838,1.68367,0.364982,2
-0.0380602,2.22047,0.263815,0.900518,0.210466,2.27859,1
3.22585,1.44049,3.33072,0.529171,0.484197,1.637,1
1.15721,1.81033,0.387449,3.0489,0.295111,1.33347,0
1.1826,1.94296,2.25374,1.75777,0.610907,-0.00374474,2
1.47963,1.97854,0.478754,1.39821,0.161633,-0.0890816,0
0.465391,3.10359,0.0237376,-0.0125655,1.65055,-0.319642,2
1.49271,1.75465,0.742076,0.4514,1.83,1.68449,2
1.63088,2.93667,1.7712,0.815949,2.15197,0.818056,2
2.47733,3.15223,2.26646,1.40886,0.718986,0.94337,2
0.877796,-0.295982,2.04171,2.33665,1.42947,1.70587,-1
-0.225813,0.696796,2.49892,0.836523,0.595948,0.0970344,2
0.171696,2.47479,0.717818,1.40785,1.18046,1.03555,3
0.193511,2.20835,2.34045,1.40341,1.8065,1.24211,2
0.293719,2.49866,0.76058,0.981448,0.255729,0.628021,0
-0.312659,3.39403,0.0386617,2.35152,0.623606,0.815853,3
-0.39583,0.999941,1.30158,0.725674,0.704767,1.19626,2
1.54859,1.84476,-0.32582,0.467207,0.304914,-0.83744,2
4.12098,3.10635,1.88573,1.44123,1.81694,2.14214,1
0.547266,2.75769,2.63811,0.801193,0.806428,0.854326,0
2.33864,1.99143,2.8687,0.199346,2.52235,1.93066,2
2.49919,-0.571835,0.923645,2.28516,1.08233,1.12137,2
3.02351,3.63858,2.79791,1.0144,1.63443,1.15918,3
0.0976936,3.30088,-1.2152,1.24175,1.22305,0.555675,1
2.2344,0.963004,-0.135166,1.93179,1.21636,1.33937,2
2.13255,-0.0094652,1.72222,0.210972,-0.360488,0.166827,2
1.71124,0.179383,2.31442,1.0605,-0.742851,1.7815,1
2.2839,-0.511503,3.39341,0.570726,1.49118,0.447131,1
1.89725,2.18267,0.102842,1.0006,0.949803,0.834281,3
1.22485,1.43657,1.05566,0.231204,1.61673,1.61174,2
2.21936,2.71323,3.13816,1.60694,2.18187,-0.0355632,1
0.605632,2.64526,0.492983,0.376225,-0.297043,1.16333,2
0.705527,2.01465,1.33626,0.587806,1.3361,1.30918,2
0.133878,1.464,1.24991,1.00185,2.5288,1.90007,2
2.09751,0.658539,2.64,0.713489,0.549168,1.6477,2
-0.380064,0.397005,0.901023,-0.0271372,1.06533,1.15446,2
1.72078,2.38014,3.71316,1.74158,1.18369,1.83709,1
1.29903,1.32871,3.38826,0.66215,0.742607,0.101034,1
0.229805,0.734521,1.92063,1.13385,-0.775108,-0.326148,2
1.10035,2.1085,1.03128,2.57096,1.50307,1.39951,1
1.20573,3.12181,-0.0210337,2.96051,4.39408,4.31896,2
1.69629,0.6382,2.86739,1.27222,1.86784,0.717997,1
1.37893,1.96139,2.40694,0.636179,1.13417,1.68991,2
0.924442,1.2448,1.99812,0.385366,1.11846,0.834866,3
2.41671,0.571146,2.84323,0.571672,1.86744,0.220582,-1
5.90333,-0.900211,2.74779,2.05157,-0.116785,4.23149,3
-0.0596328,1.9437,3.48277,1.93558,0.20435,0.477588,0
0.932354,4.50457,1.27393,2.79055,1.62541,1.1974,3
1.31465,3.2217,-0.0803843,0.581906,1.53355,0.832845,2
2.06867,3.37954,3.20464,1.94799,1.151,1.27661,1
1.64043,1.88631,2.50065,1.8952,1.6026,0.587772,1
0.674745,0.950229,2.38395,1.45385,2.24542,1.53473,2
1.05208,0.3172,-0.261487,1.37319,0.291604,1.9285,3
3.29238,1.68449,3.16108,1.28519,0.884289,2.60879,1
0.140315,1.95092,1.87236,1.57906,0.519148,-0.199467,1
2.06241,1.74947,-0.258865,1.35675,2.63173,0.506478,2
1.29057,3.39609,2.57075,-0.0754316,2.03429,1.04093,2
1.5553,1.50299,0.581971,1.06077,1.95971,0.490995,3
-0.368498,1.66853,2.78765,0.704769,0.51043,1.76743,0
1.27208,-0.0234071,-0.284779,1.09415,0.641174,0.378824,2
0.511688,1.72544,1.82566,2.01665,-0.308573,1.63971,2
1.41653,-0.221452,2.34172,-0.103669,1.64553,0.502267,1
1.17507,1.98753,2.71583,1.16475,1.2397,1.8897,2
1.50773,4.18427,1.53518,1.47941,1.19126,1.63313,2
2.39491,2.33911,0.962732,0.950464,1.80405,0.639016,0
0.377707,3.34362,0.134133,1.5299,0.187031,1.03635,1
-0.106289,0.719923,0.750136,0.541832,-0.247248,0.223141,1
0.798495,3.69434,0.988296,0.380261,1.37604,1.80831,2
2.54462,1.2795,1.30602,-0.300422,1.85297,1.72035,1
1.26637,0.84884,-0.189207,1.91561,0.753107,-0.188305,2
1.61857,0.853913,2.42366,-0.203646,-0.122611,1.75858,2
2.12869,-0.403101,2.58829,-0.392407,1.46912,1.26827,2
2.10987,2.75675,0.505246,0.0658464,0.776145,1.47495,2
0.894537,3.39417,3.06795,0.822218,1.56056,0.391086,0
0.326791,0.097811,0.049222,1.48198,0.396873,-0.0619864,1
2.54583,1.84979,0.437877,-0.0942812,1.7799,0.637173,2
2.01793,0.351521,1.40052,2.998,0.551301,1.08619,3
1.23439,2.16415,0.963201,2.08324,-0.518583,2.50918,1
2.17675,0.389949,0.494608,0.941368,1.13698,1.23252,1
1.55812,0.794865,0.649156,2.01981,1.1121,1.969,0
2.06771,2.59003,2.24509,1.32667,1.17416,1.90806,2
3.28682,2.422,2.91497,1.97548,0.841272,0.721188,2
3.33502,2.7871,3.1567,1.23511,1.50837,1.58588,2
0.659051,1.56112,3.40842,1.94218,1.13454,1.62734,-1
0.686928,-0.346977,1.60445,1.13967,1.59295,1.19084,2
1.57044,-0.0608602,1.42425,0.795207,1.2262,0.923277,2
3.00065,1.4147,3.52263,0.0271209,2.4345,1.22277,2
0.882151,0.597286,-1.0851,2.82526,-0.210711,1.00161,1
1.59929,1.21494,1.86687,0.455495,-0.0154572,0.923531,1
1.74045,2.77638,1.13174,-0.373196,1.56897,0.371044,2
3.61841,1.88435,2.84541,1.74972,0.693832,0.864457,-0
2.28332,4.14944,2.08523,1.76704,1.48774,0.472327,3
0.624263,1.04613,1.41666,2.12593,1.06721,-1.20123,1
2.23208,0.377409,1.3215,0.420941,-0.0192074,1.71695,1
1.33199,3.26562,1.53014,0.7476,1.72425,0.263063,1
0.271881,2.59689,1.20248,1.2663,2.63209,0.246625,0
2.3915,2.56539,2.18429,1.23891,1.31787,1.95382,2
1.56222,2.14435,-0.033947,1.0607,1.33099,2.03925,3
1.42919,0.358144,1.63133,1.41966,0.192061,0.48375,1
0.93664,0.961578,2.62262,0.901987,1.66349,1.06783,0
2.00471,2.79504,1.3459,1.56758,0.834771,0.839454,2
1.06087,2.21724,-0.269256,0.169287,0.937176,1.74983,2
-0.973253,1.32661,1.32491,2.19268,1.60037,-0.163858,-1
1.10099,2.251,1.19997,1.21091,1.59517,1.20993,2
-0.321762,1.94273,1.2356,0.33634,0.541185,1.55089,3
1.26702,2.92554,1.16138,1.48681,0.0944558,0.523863,1
2.79488,3.90726,0.669005,-0.530415,1.52475,0.641917,2
2.46562,1.16699,2.90071,1.9036,1.68851,1.76156,0
1.12993,1.95485,1.38693,1.55085,-0.712229,2.57003,1
0.430055,2.37044,1.36105,1.46357,2.26305,0.796386,-1
2.74471,1.45392,1.04647,2.65368,0.249295,0.595049,-0
1.60198,1.18916,2.19834,-0.359585,0.722411,1.32094,1
1.75697,0.649739,0.862864,2.52508,0.705045,0.873887,2
1.1072,0.517299,2.00517,0.176475,1.88454,1.80368,2
0.564377,2.23534,1.91015,1.09909,-0.184307,1.90646,2
-0.0410128,2.40376,2.00245,0.813372,2.21757,-0.990221,1
1.13377,0.697719,0.0638735,0.638807,2.60683,0.581768,1
-1.0752,1.88009,-0.186215,1.34367,1.28593,0.361528,1
0.186227,1.0693,2.10358,2.17212,1.35653,0.316743,1
0.103465,0.965896,1.53147,2.69495,-0.534442,1.09177,1
-0.131582,2.01987,2.61391,1.51513,0.895598,0.296628,1
3.56942,3.59102,1.23083,1.50264,0.726306,-0.0265591,0
0.0873376,3.09418,1.20875,1.62898,1.46443,1.48455,2
1.32803,3.57985,1.42899,0.280359,2.62369,1.15552,2
0.753127,1.30937,0.811606,0.758102,-0.0471235,0.902479,3
3.11978,1.00792,0.911041,1.12083,1.55893,2.31763,1
1.09217,2.20612,2.72284,-0.219542,1.18301,1.21,3
1.36468,1.19138,1.44031,-0.624993,2.32807,1.45671,1
3.02292,2.07544,3.17988,0.765347,0.7648,1.24169,2
0.297197,0.432104,0.88513,0.290122,0.895879,0.785176,1
1.10835,0.73147,0.493385,0.227525,-0.120833,1.03311,2
0.602122,1.22134,1.61847,1.66418,0.868518,1.40469,1
0.121991,0.863177,1.88823,1.78668,1.1646,0.451371,1
0.454857,0.11382,1.43622,0.902132,1.22314,1.7305,1
0.670084,1.53582,2.27104,-0.954279,-0.317041,1.90956,2
1.47861,1.62634,2.56181,-0.0671591,0.648277,1.08302,3
0.291347,1.08981,1.3315,0.293529,0.581884,0.39066,2
1.13955,2.56834,0.343495,1.29456,0.202594,2.20019,2
1.05284,3.72361,0.833049,0.344125,1.03098,-0.466231,2
1.81652,2.62196,0.501551,2.30984,1.16288,0.832258,2
-3.53479,6.09621,-12.3976,9.77301,-0.771831,8.75532,-44
3.95951,3.29284,1.43602,0.665748,2.40098,0.748312,1
0.485361,2.2057,2.32058,0.0170975,0.461541,0.0369877,1
1.74859,1.11649,1.31609,1.5331,2.261,0.150388,2
-0.896728,1.2115,1.83802,0.51342,0.350518,0.174329,2
2.40391,2.22619,2.4864,0.24739,0.238359,0.937798,2
2.3875,2.9789,1.67138,-0.526425,0.748067,2.12205,1
16.5851,-88.163,44.5295,32.1423,-55.5077,87.9943,-57
2.5037,2.68796,2.00987,0.411213,1.32055,1.84043,1
1.0133,0.127078,3.10917,2.68637,1.58888,-0.211423,0
1.46874,2.30568,0.726023,1.33263,1.15396,0.566515,0
0.23626,1.68553,1.63956,0.623825,3.23896,0.798327,2
0.207385,2.7428,1.58144,2.21797,2.34713,2.00591,0
0.113193,1.746,2.60756,0.452787,1.64348,1.0054,2
-1.41208,1.13629,1.32113,1.37077,1.20037,2.03977,1
1.40029,2.535,1.97842,0.0385401,0.970047,0.640828,3
0.824694,2.437,-0.903244,-0.0382239,-0.324355,0.366913,0
1.00252,2.9426,2.54499,1.29293,-0.228366,2.69629,1
0.182195,-0.326702,1.51371,0.910141,0.840836,0.907536,2
1.13735,1.44003,1.6368,1.04234,3.1862,-0.457033,2
0.791624,3.20151,3.88621,-0.642683,3.29264,-0.645917,2
0.948485,2.48898,0.644661,1.93974,1.88698,1.02058,0
2.72243,0.951982,0.30915,0.450358,-0.0430525,0.697068,2
3.35724,1.63756,1.58174,0.420667,1.50396,1.90172,2
0.619438,3.49894,2.22189,1.34313,1.76218,0.882831,1
0.626836,1.8126,0.492502,2.08608,0.294563,0.947672,0
2.35783,2.598,2.02527,0.0492452,1.73363,1.32987,2
0.469046,2.86799,2.05417,0.88137,1.20728,0.737424,0
1.82523,2.18703,2.4242,0.963813,1.67663,0.895034,2
2.11622,3.39948,2.37187,0.623752,1.90257,1.85278,2
1.37491,2.765,0.75123,0.723102,2.12906,1.21601,2
-0.500605,2.23679,0.187839,-0.0319311,1.1184,0.327801,2
0.00358617,1.48281,-0.751392,0.0446034,1.53739,1.2034,2
3.92832,1.82648,1.3087,0.644958,2.27129,0.354864,2
0.888897,4.63011,4.07676,1.22295,-0.372462,0.879581,1
2.39797,0.194505,2.93229,1.10924,0.787007,1.89583,-0
1.135,0.677301,1.17797,1.77413,1.65008,0.609487,2
0.804719,1.38584,0.297191,1.52607,0.953913,1.28011,2
1.61954,-0.158322,2.16356,2.60684,0.917366,1.91115,1
2.42448,1.70539,3.8233,2.86489,1.71599,0.434578,-2
2.2821,1.52508,2.48764,1.84234,1.99788,0.57677,2
0.658982,0.93648,2.19263,2.04138,1.03563,2.36675,2
2.40687,2.91129,3.31286,0.930792,0.34346,1.80894,1
0.792124,3.14179,2.44157,1.44549,0.768046,2.17087,1
1.24821,2.64301,-0.674516,1.1119,1.95983,2.61158,2
1.4832,2.01414,1.77282,0.40182,1.83978,3.17247,2
2.36065,0.0153791,1.47675,1.2375,1.72952,0.595798,1
0.166842,0.791198,1.6337,0.465735,0.452716,0.354597,1
2.21662,1.36463,0.657006,0.917427,-1.12115,1.32906,1
1.1581,2.86323,1.09961,0.448555,1.82743,1.17675,3
0.659649,2.69644,1.82967,0.665093,0.00874337,1.30487,2
1.87413,0.0999003,0.794311,1.28281,0.700403,0.708001,3
1.83438,0.344913,2.8418,0.258608,0.212263,0.430281,2
1.77537,2.55853,3.67738,0.135807,0.921584,1.58579,1
0.553608,1.8968,0.525147,0.706513,1.04501,1.72671,2
-0.0101144,3.25893,-0.00509991,0.66115,0.755116,1.83194,1
1.6803,1.26056,0.335353,-0.215287,0.710247,2.82404,2
-0.132914,0.678948,0.637237,1.24475,0.94794,-0.0882645,2
3.47574,3.12924,1.29996,1.44582,1.63717,3.22449,1
1.50687,2.26109,2.65177,1.53323,0.883855,1.91316,-1
1.33354,2.81026,2.79976,1.07142,-0.0173112,2.0337,1
-0.715107,0.141114,3.31096,0.675446,2.61056,1.28851,1
3.34836,2.39415,2.26461,3.10427,1.49994,2.65252,2
1.19461,2.32353,-0.444873,0.123064,1.46559,2.81275,2
3.85314,1.30831,3.52111,-0.0286447,1.41887,0.55263,2
3.52982,1.41591,3.0713,2.01931,0.802239,1.31051,1
1.98837,2.71962,0.567034,1.95849,1.28223,-0.618873,0
1.07494,0.620869,0.171114,2.13626,0.655726,2.19443,1
-0.00307429,2.7103,1.24648,1.72097,2.84077,1.45839,3
1.0218,2.62337,3.54008,-0.14,0.445888,1.53602,2
-0.263821,3.95932,1.19562,2.10268,1.41972,0.173597,-0
1.57088,2.26348,2.04181,-0.605655,1.66939,0.693147,2
-42.8233,61.0669,22.0155,-48.3962,54.8088,68.2191,31
0.518446,2.53965,1.7654,0.889308,0.304301,0.586743,2
-0.00813472,1.81444,1.58718,-0.00715704,1.66998,1.49174,2
0.438328,0.415743,1.73622,1.01106,1.66414,1.14269,2
1.19811,3.22031,3.28536,0.4716,1.64059,0.0164035,1
0.46609,4.01537,2.17912,1.10774,1.55675,2.11244,2
1.96485,0.140914,3.0882,1.24986,1.63972,2.21516,1
-0.502256,3.93276,2.12721,0.820455,0.889743,1.8801,2
1.62862,0.486358,1.50295,0.813164,2.6084,2.50077,2
1.87089,1.30355,2.82537,0.147469,2.17347,1.26481,2
1.89029,1.72753,2.04294,2.79588,1.99567,1.07266,2
1.12302,2.96496,1.01593,0.369593,-0.386803,1.40697,1
0.546557,0.751819,2.41906,1.28554,2.07788,1.40679,1
-0.564785,2.38803,1.96836,1.04871,-0.117762,1.97337,2
-0.00915694,1.46011,-0.542705,-0.275596,-0.0103468,0.554021,2
0.958676,2.143,2.99709,2.43884,0.805502,1.16776,-0
0.562175,1.15851,3.15177,-1.17332,1.77757,0.667215,2
2.18445,2.72352,2.18824,0.396467,-0.59991,1.09154,2
2.20262,1.17054,2.06902,2.1594,0.426614,1.99087,1
0.117308,2.6107,2.86573,1.14137,-0.0308442,-0.106631,3
1.5135,2.82541,1.66187,0.244401,0.636372,1.05283,2
0.989332,-0.168676,1.98017,0.431512,0.514905,1.58802,3
3.01835,0.398932,2.98066,1.10809,2.0983,1.54298,0
0.445598,2.50652,0.407096,0.86583,1.45633,0.159296,3
2.16023,1.79208,1.261,1.66658,0.750459,0.315404,1
2.34129,1.46562,1.79801,-0.00467054,1.72526,0.422258,2
0.819223,3.74997,2.61728,1.82512,1.46995,1.05189,0
1.45408,1.16479,1.82657,-1.57012,0.950733,-0.403068,2
1.43941,2.2111,2.95157,1.56488,1.01306,1.05382,-1
1.24821,2.60419,3.076,3.2616,2.60875,0.509743,-1
3.33805,1.55013,1.97677,1.00994,1.72387,0.618593,1
1.68966,1.54603,-0.071054,0.727441,1.53603,1.70582,2
0.620812,1.45793,0.907442,0.863997,2.32689,-0.170024,3
0.947146,2.90495,1.50341,1.82421,0.578353,1.66732,1
0.463967,2.07143,1.37799,2.60962,1.02718,2.09378,0
1.498,1.76979,2.08443,0.525646,1.91658,1.23994,2
2.80972,2.36815,0.570759,0.84583,1.88895,2.38296,2
2.81103,-0.89436,2.83019,0.95856,0.909097,0.667259,2
0.414037,0.744408,1.00363,0.605382,1.29075,1.41306,2
0.801742,0.896254,3.76299,0.0629826,1.42656,0.690776,2
1.69445,2.68566,2.7827,-0.249364,1.09522,0.251037,2
2.71951,1.8444,0.719066,0.580217,0.99151,0.6018,2
-0.150281,3.37082,1.57812,0.151055,0.886327,0.489428,1
1.40849,0.633672,0.942185,0.284373,1.88501,2.02543,2
1.53336,2.36548,1.62388,1.02709,1.27571,1.43667,1
1.47775,0.2407,2.12899,1.01503,1.05951,2.46265,0
0.473436,1.77032,-0.729688,1.57434,1.56474,0.972689,0
2.15322,1.15606,2.23654,2.41199,1.63262,0.897954,-0
0.204536,3.71677,0.988507,0.616594,1.1654,1.28376,3
2.02091,1.33473,1.23573,1.42606,0.142504,0.522776,1
-0.504081,0.0129345,2.32297,-0.0791293,0.781435,1.94605,2
76.1021,31.7171,11.5617,28.7491,29.0024,-14.5146,10
25.4956,73.5093,46.9644,-6.64853,54.9827,2.88015,37
2.1291,-0.53529,-0.720344,0.829923,1.82699,2.01167,1
2.44193,0.527734,2.60389,0.887414,0.775263,1.63403,2
0.578018,1.6838,0.614841,0.411525,0.986036,0.77819,3
1.05468,2.38114,0.0414988,0.362849,0.977877,0.471199,2
0.0465368,2.23298,0.676914,1.95829,1.5433,-0.468141,0
4.56655,1.0001,4.40118,1.8908,1.65053,0.996499,1
2.8798,2.00088,3.47621,1.37479,0.48885,-0.551531,2
1.42796,2.01441,3.80912,1.78208,1.27071,1.31683,1
1.04369,3.96334,2.91259,2.00888,1.69208,0.815191,1
1.63651,1.5441,3.37362,1.42337,1.23188,0.994113,0
0.267528,2.65427,1.31018,1.03644,1.59454,1.40556,2
2.5519,3.74346,1.08935,1.20549,1.43411,0.729109,2
1.36504,0.799192,3.61547,0.477514,1.73075,0.901714,2
0.415945,0.214237,2.91517,0.799855,1.91122,0.719809,2
0.507889,1.37239,1.98251,2.63259,1.54618,-0.0509138,2
0.380412,3.11015,1.64674,1.1315,-0.871814,1.34075,0
0.580632,1.02943,1.7864,1.20849,0.895471,-0.0292647,2
0.192784,2.60552,1.41839,2.55812,1.57382,-0.0329731,2
1.06011,0.0464884,3.43169,0.413211,-0.615743,2.10037,2
0.961822,2.49771,0.883932,0.895679,0.477157,1.20411,2
3.29047,2.25439,2.27853,0.706337,1.07688,-0.449305,2
-0.18633,2.60414,-0.477895,2.28313,1.3056,1.76493,2
-0.28591,2.05314,1.36249,1.13207,0.801386,0.647254,2
1.90716,3.1171,1.67719,1.26293,2.55557,0.860701,1
0.670166,1.78246,3.71307,1.4967,0.405174,0.597013,2
2.2675,2.54379,2.43457,1.62556,1.56337,3.73774,-0
1.08387,0.837926,1.73214,0.426248,1.60177,1.13007,2
0.420292,1.52972,1.57211,0.985261,3.35938,1.16111,1
2.42456,1.21178,2.21617,0.0156688,0.106919,-0.0131944,2
2.91725,2.51463,-0.0973591,1.98182,0.61908,0.655079,1
1.00657,-1.34126,2.34895,0.804836,0.368682,0.557666,1
3.10066,3.15876,1.42797,1.98948,0.871106,-0.0151389,2
0.610932,2.0367,2.37349,2.62936,0.816042,2.52559,0
3.625,0.34308,4.12289,0.0176599,1.63384,0.45972,2
1.60034,-1.18268,0.118402,1.13734,1.34422,1.1795,2
-0.270436,2.51659,2.67175,0.0898816,1.00518,1.50234,3
0.458372,2.79609,2.15032,1.95991,1.01914,1.24057,1
2.52071,-0.007772,1.51079,0.835514,0.880491,1.278,3
0.998633,3.56877,2.87566,1.2024,0.339614,0.2707,1
2.09146,1.81161,2.72121,0.952913,0.851943,-0.696498,0
1.77915,1.62307,3.93138,1.4939,0.976904,2.1828,2
2.02792,1.03805,1.71272,0.729444,1.36825,1.67814,2
3.16666,3.30001,1.71253,1.20356,-0.0976657,0.547692,2
0.236119,2.75169,1.4642,1.04331,1.91678,-0.0121167,-0
2.83838,3.26561,0.932247,1.04934,0.380617,1.8694,2
2.5062,2.00721,-0.291879,1.65858,1.89974,1.89185,1
3.19827,1.18496,3.90612,0.777803,0.626192,2.24062,2
1.19965,1.44758,1.27382,0.926584,-0.245308,-0.161296,2
0.147407,3.00805,0.452589,0.948469,2.54527,1.17275,2
1.13357,1.04675,1.98358,1.35119,2.18385,0.977519,1
3.78758,2.19586,1.9185,1.33532,1.2905,0.727938,3
0.794784,2.78272,0.0894568,1.60737,1.36171,1.0706,1
1.16214,1.54853,2.79831,1.40667,1.21955,2.00269,3
3.23571,2.17779,3.41725,0.388173,1.81328,0.577259,1
1.82382,0.544578,0.667132,1.37232,-0.522357,1.21851,1
3.52264,3.04849,0.702874,0.574506,1.95614,2.44504,2
1.40838,1.83577,2.24217,0.0730909,0.738292,2.37633,3
2.08773,2.37266,1.37376,1.48937,2.63269,-0.28928,-1
1.42666,2.03807,1.49472,2.28903,0.779552,0.719453,2
2.58007,3.32599,3.32846,1.94368,2.68684,0.762659,2
1.95834,2.81206,1.3182,0.802991,2.00732,0.544717,2
1.41896,1.39929,0.710561,2.16229,1.70891,0.490197,2
2.42281,3.41543,1.31133,1.87315,0.634785,1.84597,2
1.71745,2.20855,2.16331,0.0380419,1.99169,1.79774,1
-0.489856,2.16036,0.545913,1.40995,0.46428,0.65546,2
1.41029,2.09873,2.07513,1.43245,1.94182,1.25107,1
1.35618,2.09986,3.53971,0.187626,1.37897,0.839174,1
0.850623,3.79089,1.06425,-0.672256,1.40165,2.85834,2
1.69789,2.61229,0.641025,0.918084,0.165109,-0.368302,0
2.34573,3.76344,-0.689982,1.12531,2.28031,0.964791,1
2.07138,1.41915,3.19435,0.577562,1.02954,-0.768044,1
1.97202,2.01178,2.86656,2.09264,0.567708,0.0917845,-1
1.03674,1.88678,-0.0138483,-0.25693,1.55292,-0.788059,1
1.72433,2.19115,1.88226,0.449223,1.85948,0.973711,2
0.683062,2.96787,1.72739,-0.159213,1.12729,1.43951,2
0.496847,-0.178304,2.74669,1.79355,0.981781,1.26161,-1
2.73746,1.56718,2.37096,0.503243,0.773128,-0.323983,2
2.87207,0.980558,2.01919,0.997824,1.74678,1.48657,2
3.27255,1.37706,3.22278,-0.123163,1.74328,1.32153,2
2.09218,1.14629,2.97594,0.919965,0.52096,1.07005,2
-0.43949,1.22256,4.09826,1.13966,1.28857,0.995654,1
1.51401,2.08074,2.22003,0.273526,2.42461,2.34207,2
2.61441,1.44043,3.1027,-0.323921,1.34219,0.855301,2
0.110389,-0.0333039,2.46072,0.86644,-0.274511,0.756974,2
1.25197,1.45821,0.955206,0.424411,1.82575,0.553458,-0
1.25511,2.07505,1.72846,0.245967,0.65133,3.18886,2
0.913684,0.416657,2.02947,0.539589,-1.21331,1.0451,1
0.759285,2.00353,1.42264,1.2113,-0.127611,2.016,1
0.0811028,2.55813,1.79418,1.3316,0.816895,0.152154,1
1.16732,2.48168,0.91684,0.232135,1.53777,1.01888,2
1.66363,1.1243,0.734653,0.0501807,0.29183,0.650586,3
-0.154769,1.31773,1.80947,1.838,-0.199699,0.796449,-1
2.51718,4.02355,2.29021,1.52501,0.943722,0.525118,2
1.7845,1.96042,2.32084,0.779534,-0.393277,1.11686,1
2.26062,0.393102,3.14075,1.62047,-0.211138,2.08351,1
1.42196,3.02282,0.941006,1.30932,1.25317,1.32829,2
2.54732,1.18835,2.27806,0.157121,2.21354,3.06284,1
1.04656,1.82917,4.00679,1.08558,0.794031,1.68125,1
1.64734,0.89306,3.56421,2.28763,0.0207192,2.24982,0
0.307926,0.741759,1.4565,-0.529849,-0.83858,0.839948,1
3.4057,0.248989,2.01126,0.3786,1.01709,0.434122,3
0.448911,2.24387,0.232452,0.508887,1.1743,0.562598,2
0.340272,1.56027,1.23145,1.18652,-0.267834,2.48051,-1
2.35673,1.56567,2.19065,1.1286,0.867628,0.83648,2
-0.795172,1.88422,1.27913,2.68382,0.250317,2.06304,1
1.87577,1.61238,1.71378,1.32475,0.0688162,1.25776,1
0.470543,2.34798,1.16915,1.32569,-0.844436,0.284216,1
0.525175,2.60585,2.58891,0.333568,0.89846,0.771876,2
1.11856,-0.42487,1.71301,0.449523,-0.853935,1.07945,0
3.89006,1.21096,2.91794,0.399743,0.306802,-0.040504,1
1.02442,2.39469,1.11012,-0.125081,0.577939,2.23306,2
1.07665,2.28999,2.84444,1.60575,-0.0280329,1.01037,1
2.82998,2.08067,-0.214293,1.82235,1.14264,0.100472,1
0.938871,1.63283,2.6335,0.908596,0.490473,0.251755,1
0.094587,3.04055,2.2607,2.26467,1.37324,0.377474,1
2.28734,2.70383,1.73157,-0.205991,2.46362,0.279261,2
2.90174,-0.15664,0.684417,1.28069,2.53897,1.68025,2
2.23697,2.48035,1.63742,0.609938,-0.602745,1.93044,2
3.04068,2.04248,0.742695,0.619687,1.54388,0.65364,2
1.4571,2.8315,2.54036,-0.278041,2.48096,0.400121,2
0.528693,1.75015,2.00791,2.06049,0.731352,0.80343,-0
1.25686,2.82088,3.90139,1.67664,0.156558,1.02379,1
1.18281,2.66141,-0.479259,2.31537,2.22368,0.291453,2
0.539158,1.38102,1.45782,2.10562,0.759418,2.64236,-1
2.08536,0.164842,2.355,2.02358,1.54053,0.502479,-1
1.35161,2.39632,1.23196,0.0944666,1.86513,3.13037,3
2.43278,2.19152,0.941384,1.00648,1.38732,1.29016,2
0.52932,2.59878,1.45997,1.22917,1.94915,3.02622,1
1.23979,3.5559,0.992343,1.30508,0.472619,1.02169,2
0.107699,1.51289,3.84598,1.97238,0.619378,1.80399,0
1.15795,0.212454,1.14346,2.2273,1.52724,1.30985,2
2.31311,2.65238,0.808,-0.556341,0.521488,0.932597,2
1.65416,1.94071,-0.15678,0.378484,0.361821,0.789545,2
1.74807,2.96571,1.97846,0.36912,-0.630853,2.23569,3
1.41459,2.84392,0.445583,1.41993,0.307961,1.81747,2
2.64335,1.49198,2.32202,1.51689,1.96813,0.230852,1
2.48634,3.9761,1.78864,1.00035,2.29679,1.34415,1
1.12633,0.514261,0.722539,0.06572,0.746543,1.5299,3
1.79188,3.48641,1.2284,1.16031,2.85935,0.684796,2
1.02751,1.74227,2.22089,0.413258,0.440317,0.79558,2
0.77586,2.90851,3.489,0.431631,2.24804,2.30546,2
-0.078042,0.670183,0.799363,1.79063,0.276993,1.10692,1
0.639597,0.387227,0.392728,0.361734,0.858743,0.75981,2
2.61378,0.382383,3.42243,0.633606,2.03336,1.06922,2
2.66407,0.330096,3.14,0.798298,0.442362,0.844825,0
2.12859,1.97504,2.46993,0.910647,1.70636,2.29694,-0
1.44374,1.83798,2.48202,3.43302,-0.250444,1.62994,2
0.647841,1.01169,0.937591,0.605095,1.02978,0.124033,2
0.284114,2.63495,2.28803,1.09102,0.338045,2.06073,1
1.40774,1.73208,0.378393,0.379401,2.22276,0.715079,2
1.41348,1.0635,2.20538,1.52356,-0.745925,-0.204106,1
0.506191,2.76723,1.0581,0.177751,2.24927,0.5843,1
1.38686,1.86668,0.898284,1.53404,1.75596,0.738718,1
0.411267,1.27621,1.163,1.16865,0.399779,0.899488,0
1.57087,4.02326,0.29541,1.98301,1.39847,-0.0188535,0
1.43078,2.88145,2.78587,1.75635,1.6851,1.57292,2
2.61482,2.49367,0.79112,1.37942,0.447377,0.0790452,3
2.03548,0.503332,-0.18491,0.487522,-0.594633,1.5715,1
1.52027,3.19081,1.66452,1.74892,-0.514195,0.461239,2
-0.654443,3.05034,1.28527,0.421774,1.04854,0.677047,2
2.02951,1.99717,4.03015,-0.0617887,0.777954,0.396334,1
2.09421,1.14178,1.6437,0.748547,-0.346355,1.10107,1
1.90023,1.93661,0.802082,2.72378,1.84932,1.62436,1
3.19202,1.61859,2.06631,1.05461,1.74371,0.584426,2
0.350691,2.85011,0.607929,-0.389159,1.03051,1.14118,2
0.729355,1.20897,0.410142,0.281124,0.846563,1.9157,2
0.781478,-0.171781,2.37535,1.55923,0.203306,1.50107,1
2.82599,0.456926,1.10553,2.39105,1.30576,1.88091,0
0.303402,1.36489,0.846897,0.666541,1.32153,1.18624,1
1.50731,4.30737,2.71416,1.2503,2.63091,1.67434,3
2.93277,2.84926,2.426,0.644812,0.929635,1.13406,2
1.39026,1.01101,2.38758,0.952159,2.87998,1.31444,1
3.86188,-0.100602,0.702341,0.950431,1.02854,1.71169,2
0.479317,1.05376,0.35212,-0.211129,0.619113,0.200637,2
2.48856,0.918783,3.26047,-0.238615,0.94442,1.09452,1
1.05014,-0.217982,1.04716,0.0361743,2.01638,1.1288,2
0.825178,0.753979,1.26804,1.76085,1.94258,0.0255662,1
2.90982,2.59953,0.379919,0.839035,0.772947,1.04306,1
0.822533,2.74163,3.03932,-0.0384901,2.49548,0.845783,2
1.81592,3.03255,1.96131,2.33407,2.25798,1.88817,1
3.11504,2.26651,1.51593,1.55215,1.76007,1.21946,1
1.18478,0.366424,0.450431,-0.238368,1.0652,1.77284,2
-0.789924,3.31852,1.34778,-0.357515,2.26894,0.275369,1
0.111606,-1.05379,1.96743,0.877124,2.4172,-0.0628806,2
2.67837,1.28435,1.92923,-0.362556,1.74339,-0.285878,2
3.86354,3.04822,1.51899,-0.0693888,0.426997,-0.550313,2
1.74624,2.44975,0.338684,1.89108,0.482562,0.258209,2
3.06494,1.14911,3.63922,0.645223,1.53723,1.1626,1
-0.497491,2.30734,2.05447,0.282262,2.23782,0.779891,3
-18.5311,-42.3878,-16.3659,18.5633,-1.92324,22.2641,-50
1.89327,3.37946,2.30219,0.536173,0.499693,1.66848,2
3.13507,2.30647,1.92636,0.398813,2.60151,1.25222,1
1.47788,3.08067,1.48132,0.622725,1.39926,0.371125,1
-0.579467,3.32271,1.82588,1.05721,0.0999089,0.592639,2
-0.0948804,1.50548,2.14077,0.838807,-0.229891,1.93746,1
1.28253,1.63495,2.30557,0.419675,0.405495,2.09949,1
1.74786,2.17331,0.0736784,1.80495,0.974666,0.517291,1
0.00822968,0.636932,0.945186,1.65209,1.17847,0.942248,0
3.25404,1.60352,1.05285,1.32267,1.16068,0.779475,1
2.64094,4.30163,-0.339498,1.61074,1.57979,0.545101,2
2.08671,2.57816,2.32741,-0.273841,0.587307,2.53895,2
0.736352,2.91308,0.451747,1.80978,1.38193,1.47671,2
3.02158,1.90982,2.6668,1.45612,0.322824,-0.162127,1
1.68466,2.52546,0.974943,1.83563,-0.401632,-0.666017,2
2.7973,0.429909,1.38843,1.63571,0.106815,0.657149,2
2.48226,3.13754,1.87905,2.40969,2.06049,1.03221,1
1.85198,0.0683632,1.3981,2.06522,1.6734,0.798475,0
1.40562,2.6931,0.492692,0.445145,0.933991,0.694201,2
0.968825,2.91549,2.88731,0.953515,2.82445,1.38069,2
1.02395,1.40904,0.730298,1.10186,0.223693,0.973502,-1
1.0657,3.82244,4.45264,0.896582,2.41961,1.26673,2
2.61103,1.60412,1.60043,0.989881,2.39885,2.0618,1
1.34934,0.919111,1.26107,1.40741,0.914742,1.33445,2
0.559996,2.78385,1.8086,0.910369,1.06407,1.66163,2
0.950719,1.49441,1.73509,1.07938,-0.32394,1.7307,1
2.01432,2.33011,-0.0184412,1.65775,1.46958,3.14803,2
1.19548,0.763089,-0.325006,0.810104,2.46405,0.684934,1
1.7212,2.67636,2.81994,1.46979,0.503812,1.68188,1
1.38324,2.50928,2.72898,1.652,0.547167,1.89881,2
-0.659255,2.5562,1.39744,2.24953,2.20055,2.08241,2
0.659226,-0.0417222,2.04078,0.674245,0.423706,1.93632,2
3.13103,1.15641,1.44051,-0.877466,1.67823,1.71699,2
1.72426,0.650056,0.443372,1.16856,0.402488,1.29783,3
1.45597,1.30435,1.96946,0.496867,2.01166,0.36103,1
1.01074,1.94728,0.955401,0.915262,1.25349,2.14303,2
1.00826,1.04782,2.38726,0.646826,2.10995,1.12255,2
0.432768,3.1208,0.364184,1.80905,-0.57903,-0.801416,2
-0.607145,2.20289,-0.315475,0.321517,1.59912,0.921726,2
0.879338,1.00735,0.78475,-0.510666,1.72858,0.921035,2
1.47614,1.58415,-0.13649,0.390639,1.92898,1.53288,2
2.27227,2.58166,1.68383,1.54942,1.89226,-0.379938,2
2.69063,1.28121,2.13051,1.39256,1.42784,-0.0279327,0
1.61015,1.30908,2.20659,2.02362,1.46622,0.954216,1
1.76806,1.72531,0.0192549,0.540792,1.11791,-0.291231,2
1.34149,1.83794,0.900786,0.205612,0.874862,0.474904,2
3.11739,1.35014,1.55787,0.877868,1.04785,0.566615,-0
0.654249,2.56756,0.268671,0.155693,2.3751,0.841891,2
0.670155,3.61584,0.395921,1.00603,1.12007,1.09662,2
1.92176,0.230773,1.22864,0.0156651,1.62477,0.359208,2
1.08159,2.27777,1.75205,1.69168,-0.0990609,-0.239916,2
1.07256,3.55927,0.162573,1.19133,2.47235,1.1149,1
0.666838,3.6275,-0.876369,1.4826,1.13642,0.932337,1
1.12573,0.459563,-0.263577,-0.276948,0.476336,0.708367,1
1.4234,2.59286,1.47124,1.482,0.466611,0.545294,1
0.843207,2.7993,-0.452961,0.864576,2.1217,2.67606,2
1.3467,2.10985,1.62027,0.283276,0.180879,-0.635553,2
1.68802,0.490829,0.762098,-0.443511,1.45586,1.08501,3
2.29485,0.603751,2.9927,1.2567,1.54205,0.344797,-2
2.26231,0.725702,0.394328,1.11743,2.6091,1.89155,1
1.58271,2.24847,2.0011,1.58055,1.3151,-0.191321,0
1.5184,2.59171,3.01284,1.21323,0.315941,1.28838,2
-0.0489112,2.42722,2.57102,1.33751,1.84594,-0.0404071,1
0.584065,0.243066,3.2423,1.3446,0.526302,1.14471,2
1.60895,-0.752585,0.504748,0.737619,1.38639,1.87076,2
3.02699,2.17862,3.26038,0.0606542,1.34509,1.51766,2
1.19619,2.14226,0.839042,-0.917107,0.645729,0.50466,2
2.1397,0.798163,1.6234,0.490717,0.438738,1.45438,2
2.90051,0.650513,1.02361,1.13314,-0.321972,0.34566,1
2.26958,1.57359,2.00594,1.20379,1.53684,2.01219,2
1.15112,2.16263,2.64247,0.437178,1.07883,1.53949,2
1.34775,2.28382,-1.96364,0.791045,2.00879,1.59234,1
1.44763,0.873971,-0.248472,0.896559,1.96446,2.03308,2
0.872653,2.11792,3.60331,1.93992,1.6848,1.00122,1
1.23408,2.93039,1.76976,0.640696,3.24864,1.0137,2
0.563082,2.35829,1.34745,1.33341,0.610285,1.58389,1
2.12657,2.71563,3.50355,1.06906,0.826631,0.86596,3
2.00986,1.17908,2.69313,0.974981,1.05686,1.15381,2
1.61874,0.710978,2.97227,0.652865,0.0166793,2.86811,1
-0.0527171,1.60746,1.46558,1.47823,0.414996,1.24531,1
1.31964,1.10753,1.74062,1.28126,-0.699057,1.40861,1
-0.166978,2.40777,-0.105698,1.59509,1.52975,-0.433909,2
1.26822,1.34347,2.86771,2.39808,2.95527,1.19151,-0
1.12442,2.77197,2.56381,1.81129,0.53956,0.317272,1
0.552729,1.92473,1.7395,1.06331,1.46225,0.427054,2
0.293863,1.3654,1.63305,0.275861,1.6115,2.27383,2
2.42441,0.541737,3.18725,1.51502,1.13659,1.88055,-0
4.31768,2.87515,0.658734,1.26181,2.16141,1.68554,1
2.14627,2.39712,0.608666,0.168862,1.3826,1.753,2
0.854946,-0.969745,1.89569,0.737831,1.21371,2.01514,3
2.07366,2.24774,-0.410935,0.954363,-0.344679,1.71974,2
2.46369,3.57913,1.43501,0.396717,-0.238821,1.57294,1
0.615319,0.462063,1.95145,1.52307,1.20292,1.61031,2
-0.318552,2.0844,1.2629,1.45727,0.982332,3.28786,1
0.871225,2.85094,1.14735,0.986756,-0.278564,1.85706,1
0.124253,0.904224,1.49745,1.88244,0.519148,0.322676,-1
1.074,0.926647,1.5897,-0.247499,-0.0974333,-0.100602,3
0.993079,3.49334,-0.133528,0.369945,0.0439878,1.73599,2
3.0825,1.70915,1.73777,1.66299,0.0374902,0.777356,1
0.675842,3.43624,1.06219,2.66392,1.56694,0.0932992,1
1.32425,0.213149,1.12733,-0.364596,0.506715,0.997477,1
2.76814,3.97429,1.75547,-0.0288176,-0.232117,-0.528892,1
-0.141434,1.53809,0.899984,1.11469,-0.154039,0.62528,2
1.82737,1.61753,3.19257,1.46622,3.00941,1.69008,1
2.46766,2.43616,2.23663,-0.0376644,1.32688,1.85816,1
0.263881,2.5287,2.13191,1.27406,1.11946,1.08056,2
-0.111428,0.679251,0.525975,1.22163,0.763719,0.312593,1
0.99724,2.64963,0.913,2.81738,-0.0577934,1.86377,1
1.46914,3.05868,3.31541,0.48447,0.42109,1.85296,1
0.966569,3.5442,-1.12414,1.03206,1.12028,0.192502,2
0.863796,1.02339,0.371417,2.48778,-0.0654141,0.741428,2
2.91709,0.736191,2.12384,2.56685,1.50552,1.07155,1
2.68863,1.60559,1.78303,0.0369788,0.881356,1.39123,1
1.45112,2.4278,3.30185,1.37981,0.222951,1.0452,1
2.2115,1.04695,0.92494,1.18955,1.44291,0.838206,3
-0.42345,3.28087,2.01491,0.253111,1.27915,1.48357,2
1.2875,2.11249,1.8833,0.936791,0.180742,1.51957,3
2.1188,1.88333,1.56428,0.860485,-0.0280659,0.327862,1
3.63861,3.14119,2.06525,1.07503,0.736861,1.68031,1
0.645291,1.58972,1.34791,1.9583,2.12972,1.18034,0
0.0965954,1.88679,3.53816,1.60956,0.800591,0.221359,-1
2.88617,1.89892,1.10059,-0.0150365,2.21353,1.61883,1
0.171237,2.64403,2.2347,-0.408183,0.790608,0.968355,2
1.08399,1.06477,1.99534,0.662599,0.241123,1.31656,2
-0.324216,0.29675,0.959655,0.88431,2.27669,0.9275,2
1.03634,0.712815,3.06671,0.549414,-0.226821,0.310295,2
2.27501,0.555686,1.86093,0.0835474,1.99701,0.917664,1
1.37447,1.19217,0.00965223,1.38876,0.885296,0.395481,2
1.06371,3.98743,0.157925,1.23642,1.54637,1.91091,1
2.6941,0.902785,2.81671,1.02723,1.4262,2.31679,1
0.674017,3.34474,1.59868,-0.240874,0.81411,0.465256,1
-0.661211,1.99338,2.57177,1.52563,-0.121029,0.568436,2
2.62982,4.77023,2.99924,-0.198006,2.18747,2.03133,1
3.4482,1.98962,1.8166,-0.126625,1.90957,0.435751,2
0.231407,2.44538,2.78546,0.416265,1.69515,1.06967,1
1.50909,0.157133,0.898528,1.1231,0.156777,1.44181,2
2.52176,0.0611192,2.44382,0.659914,2.33362,0.864652,1
2.22607,1.25364,2.32288,0.286249,1.74615,0.954987,2
1.05951,3.58448,1.55864,1.8475,1.44629,1.00179,2
1.77695,2.72782,1.23488,-0.360016,0.680506,-0.925662,2
1.29691,1.07287,0.812379,1.00944,1.55532,1.05639,1
2.32746,1.69515,3.24679,0.109755,0.947455,1.3494,2
0.0153122,1.62133,0.835093,0.763919,0.178443,0.312741,1
-0.463928,0.261564,1.18793,0.655281,0.642706,0.128885,1
-1.08605,0.815607,3.38741,0.486519,-0.170078,1.2357,1
1.16272,2.57664,-0.623035,1.93574,2.0314,0.824056,3
2.48198,2.45088,1.88474,-0.498689,2.24477,1.22216,2
0.868301,-0.596451,2.21924,1.43561,1.12865,1.88221,1
0.796923,1.415,1.68335,0.819757,1.18082,2.40488,2
1.97451,2.00823,-0.591563,0.525061,0.788949,0.667578,1
1.54292,1.47944,0.941562,1.50397,0.374375,0.194244,2
1.86033,1.38199,3.03977,1.51852,0.952677,0.861266,0
1.57533,0.390588,1.1458,0.413031,1.20621,1.0472,2
-0.259781,2.29937,2.52722,0.536042,0.342561,1.19581,1
0.439533,2.08804,3.21595,0.0546515,0.713912,1.83461,3
1.73943,1.95702,3.05649,0.953715,2.48063,1.44088,3
2.69939,1.54782,0.393112,2.31111,0.0842827,1.38346,1
2.95502,0.854631,-0.203672,1.07949,0.499358,1.12473,2
1.17518,2.52334,1.93083,0.64752,-0.555156,1.53545,2
1.1287,2.28771,2.09139,0.125567,0.629333,0.834414,3
0.913597,0.623408,0.6097,0.0079801,0.752953,0.482923,2
0.167724,3.36055,1.26253,1.26892,0.0308499,1.18465,2
1.71143,-0.490744,1.70357,1.22072,0.799639,0.643677,3
2.6103,2.88424,2.77073,1.42824,0.797077,1.08387,2
2.64765,1.24272,1.897,0.472319,0.686565,2.10543,2
2.07246,2.02169,0.415727,-0.191005,2.05811,0.454623,2
1.66615,2.04296,-0.108693,3.41963,1.19321,0.444397,0
1.20082,4.45781,1.52212,0.987531,1.00326,0.459309,3
1.39445,1.44461,1.34714,0.814064,-1.54234,0.872599,1
0.994835,0.671803,3.11204,2.00231,2.88421,2.06831,1
1.65563,0.719093,2.56304,0.936072,2.07813,0.0765544,2
2.00205,-0.379178,2.33282,1.05057,1.82495,0.695365,1
0.763872,1.88911,3.03024,1.21385,1.79378,1.58489,2
1.22265,2.65066,0.204017,1.77325,2.43775,-0.233177,2
1.68668,3.9214,1.17207,1.35216,1.84916,0.0902207,2
1.6765,-0.227135,2.78416,0.760487,1.42511,0.929883,2
2.46801,0.179971,3.0092,2.21571,2.59288,2.45493,1
2.15851,3.3322,2.07348,1.10944,1.13451,1.71974,1
2.31288,3.02382,1.67764,1.12878,0.973442,2.08638,2
-0.393894,2.32477,1.24997,1.66073,1.67364,0.407779,2
0.243884,2.92377,0.0271039,1.46417,0.600866,0.174816,1
1.75577,1.98366,0.68968,2.0177,1.91569,1.99812,3
1.42461,4.1889,1.09979,0.281479,0.748087,2.21917,2
2.6218,1.64416,1.62319,1.35878,0.816283,0.643765,2
1.82152,1.26419,2.52284,0.843563,1.4855,1.02458,2
1.16804,2.1506,2.40114,0.425923,1.0388,-0.202966,2
2.54251,6.21628,1.40476,2.47721,3.74385,3.16895,2
1.14731,2.18304,1.86212,0.81169,-0.447295,0.551184,2
1.37183,2.15614,3.12717,0.374392,2.81247,1.69165,3
1.11165,0.934203,2.71949,0.540279,2.50238,0.171453,2
1.67134,3.51949,1.08546,1.20964,-0.549687,1.61801,2
1.17678,2.21497,1.50446,1.83769,2.22731,1.17737,0
0.197955,2.14119,2.36932,0.9787,1.37748,0.38401,0
3.24476,2.92319,0.940033,0.15289,2.17699,0.528611,2
1.66562,2.07505,0.0466205,1.0892,2.92113,2.90327,2
1.63218,0.0477169,3.03892,0.940495,1.46464,0.730935,1
2.05613,2.1302,1.25925,-0.613763,0.701598,0.870429,2
0.360983,2.61576,0.00333126,0.996584,1.29388,1.53542,1
4.23642,1.73049,3.70453,0.455433,1.98133,0.0377525,1
-0.144613,0.683686,1.28068,1.16568,1.63509,0.600048,1
3.81548,2.59688,3.37366,0.828738,1.62335,0.480536,1
0.49628,2.34205,4.51188,1.18739,0.387346,2.0889,-0
1.36566,2.13682,0.47646,0.283118,1.95396,1.30161,2
2.56219,1.7782,2.66972,0.486509,1.35716,1.85467,2
2.69463,3.27645,0.798963,0.282043,-0.0153406,2.3618,1
2.32345,2.63791,3.47173,1.70732,1.1045,2.23879,1
1.00536,4.26226,2.77022,1.74207,1.9678,0.261939,1
1.70018,3.383,1.10184,1.43321,0.851473,1.01194,2
2.2468,1.58557,0.392322,1.51751,-1.30433,1.23154,2
1.48632,2.43975,2.25882,0.873132,0.860574,0.875501,2
2.03352,0.550394,1.93578,1.8729,0.648957,1.52238,1
2.21345,4.2273,1.90883,1.85562,1.96358,0.881024,2
0.145686,2.96505,1.45641,0.300284,0.24545,0.535131,2
0.0952105,2.86338,2.35837,1.65862,0.464635,1.32886,3
-0.52862,1.71638,3.17004,1.89035,0.413745,2.07888,-0
1.97711,2.22244,1.23033,1.04266,1.41082,2.32318,1
1.9806,3.61485,3.32346,1.98433,1.25546,0.576323,-0
1.16352,1.83926,3.32126,0.993334,2.94847,0.436492,2
1.16415,0.981433,1.48597,1.34673,1.44425,0.509003,0
2.49581,3.05807,0.609868,0.912859,1.04322,0.423921,3
0.923625,1.659,-0.350862,1.06344,0.73,1.32467,2
3.57094,0.393645,3.54206,1.41772,1.69532,1.71044,2
0.463239,1.48924,1.84921,0.422168,0.00588009,1.30798,2
0.565308,3.5262,1.10038,1.05292,1.92711,0.0392658,2
1.8306,1.03725,2.74939,0.198552,0.455397,1.15836,3
1.88511,1.04612,3.86905,2.54325,2.36757,1.55331,2
0.18545,0.226849,2.36994,1.55102,1.27319,1.7846,0
-1.07939,1.48711,0.666025,0.563215,0.610713,1.80738,1
2.89497,0.732256,1.47087,0.795654,0.125726,1.80012,0
2.02966,1.67037,1.56362,2.06576,1.62881,1.59975,-0
0.854492,0.464614,1.2244,1.4073,-0.442795,0.798155,1
2.04296,1.6271,2.54134,0.127346,1.96957,2.50449,2
1.59147,0.185569,0.334772,1.06694,2.49126,-0.754974,2
-1.38427,0.978215,0.950207,2.02815,0.233847,0.863764,1
1.68323,3.85455,0.123036,1.54615,2.27028,1.04353,2
1.17131,-0.0204507,3.36991,0.670562,1.1423,1.88977,0
3.00399,3.70105,2.78372,0.783218,0.654407,-0.184025,2
1.04824,0.982881,-0.94209,2.81645,1.02884,0.0797825,0
-0.555528,0.338652,1.56417,1.02942,1.7893,0.883659,0
2.32899,0.466116,2.50059,-0.0498226,0.700409,0.824631,1
1.93643,3.21994,1.07941,0.589321,0.222474,1.48297,1
0.896402,2.56471,0.0690457,0.722798,0.820668,0.24745,2
1.62647,3.07129,0.753358,0.541706,1.44585,1.51941,1
0.435784,-0.941635,2.51583,-0.0355175,1.88195,0.47095,2
2.39579,1.86233,2.76891,0.862871,1.9608,0.151612,1
2.31922,4.34679,1.15682,3.30018,0.854423,1.53843,1
13.3919,4.88405,2.59111,0.157099,-1.49242,0.267919,3
3.4686,1.2065,2.74963,1.67416,1.35381,1.59492,1
1.86612,2.10262,1.70522,-0.215328,-0.0695082,1.30843,2
2.58976,1.51566,2.33246,0.920453,1.43263,0.942287,1
1.21504,0.994303,2.28268,0.458668,0.661396,1.45219,1
1.18119,1.55372,0.826229,-1.34004,1.96768,-0.418899,2
0.0673434,0.708436,2.53015,1.46178,1.3961,1.49926,1
0.573589,1.67313,0.78494,1.84196,2.20551,1.74721,-0
0.681233,3.18926,2.57978,1.4221,0.153123,1.49139,2
2.14483,2.79734,0.282443,1.44604,0.195656,1.46962,2
1.67913,2.74546,0.0165845,1.0256,1.39167,0.632796,1
2.92724,2.62099,0.709656,1.2728,1.36623,1.20936,2
3.09517,2.30196,3.2802,0.818224,1.48451,1.28688,0
0.766133,2.15246,0.517206,0.452378,1.49257,0.767991,2
0.298569,4.12799,0.878251,1.33535,0.607707,2.82488,1
1.91788,0.497572,3.85619,1.03116,0.345113,0.488497,2
-0.0415685,3.30198,2.52222,0.00710584,2.09672,1.60529,2
1.60658,0.68055,2.31926,1.02007,2.36624,0.639273,1
0.897505,1.13,2.04999,1.33902,2.50001,0.621612,-0
2.18543,2.875,1.76397,0.625876,0.703918,1.25551,1
0.217671,0.589779,3.00395,1.6845,0.974576,1.84413,1
3.02332,-0.0972166,2.58707,1.34919,2.24907,1.25996,1
1.18481,1.54153,3.10444,1.72077,0.507419,1.622,2
2.03484,1.75694,2.95675,0.632352,2.98871,2.03652,2
2.46141,3.04294,2.97987,0.902133,0.579245,2.43651,1
1.72492,2.22242,1.2104,2.02005,2.90726,1.58223,1
2.20311,1.94688,1.60692,1.13202,1.01891,0.46677,2
-1.12025,1.06802,1.67989,0.927831,1.00687,1.53189,1
1.28842,1.1572,0.413978,1.56818,1.57884,2.17789,1
2.27425,0.17478,3.74473,2.35259,0.123794,0.58913,-0
2.06369,0.600273,1.0083,-0.0727794,2.01263,0.552155,2
1.55788,1.93879,2.33187,1.2177,2.7806,0.918567,2
2.35432,0.290072,1.34874,1.02007,1.42376,1.68897,0
-0.895764,0.773743,1.75375,0.559965,-0.141979,1.34036,2
-0.682539,2.91301,0.743496,0.539486,0.227264,2.48668,2
1.25809,1.79565,2.92888,0.745817,2.51227,0.739614,2
0.580852,1.59346,3.1141,1.97606,0.579084,1.33523,-0
0.391792,-0.704486,2.33078,2.15048,1.81061,0.446594,2
1.08092,1.02875,1.10323,1.13105,1.72732,1.51705,1
1.8499,2.4164,-0.721183,1.69233,1.6353,1.06999,1
1.75868,4.06818,1.54313,1.12751,2.11013,0.254932,2
2.45645,-0.275835,1.79258,1.30637,1.00196,1.91072,3
3.38323,0.94176,3.82447,1.89082,1.15513,1.34322,-0
-0.108053,0.750313,3.48864,2.02656,0.704542,1.54054,0
0.191438,1.52623,3.06466,0.27804,0.804825,1.73437,2
2.88144,0.288251,3.11632,0.979325,0.536426,1.05491,-0
2.49059,3.76433,1.0345,1.29839,2.56252,0.645098,1
-0.0995333,0.730742,-0.310946,0.56543,1.28827,1.17802,1
0.495243,1.07994,-0.207307,0.614744,1.13705,1.2729,3
0.801561,1.03903,0.478099,2.11191,2.23423,1.692,2
1.67877,2.4897,2.45129,1.59354,-0.394492,1.78635,1
2.25457,-0.255446,1.87247,1.79119,0.683252,2.51539,1
-0.492047,1.38036,2.71834,1.93199,0.503167,0.682667,2
1.07811,3.90845,0.122193,0.74039,1.48616,2.45475,2
3.40954,1.9966,2.56044,0.675573,1.18347,0.901285,3
2.30061,1.10354,2.87808,-0.123255,2.17718,0.300532,1
-0.136662,1.47647,5.0436,0.748086,1.50686,1.11372,1
2.61457,2.91692,0.175414,1.72258,0.910627,2.826,2
2.19086,-0.316504,1.39686,0.541611,0.154292,0.23822,3
2.2953,1.90295,2.6981,1.36187,3.07591,1.31034,2
-0.35783,0.993729,0.985416,0.888153,1.27048,0.841496,3
2.84664,1.9875,0.857305,-0.284981,0.432228,0.284308,2
1.73453,0.878387,2.23533,2.65894,2.77081,1.57011,0
1.11628,1.12839,2.29366,-0.15426,1.47317,0.960035,2
0.942291,0.0819621,0.414246,0.208204,0.664857,1.02884,2
2.12422,0.397108,0.4161,-0.855106,0.81565,1.68093,2
0.286533,2.31355,3.71471,0.406006,0.701601,1.29693,1
0.539983,1.79766,0.589328,0.809556,1.22679,0.445383,1
0.506191,1.5567,-0.643782,0.993281,0.164166,1.0266,3
0.675113,2.18435,0.964444,1.41789,0.38822,0.743688,2
2.52421,-0.69008,1.19081,0.403698,0.50313,0.0858646,2
0.897358,2.42207,2.83026,1.26745,2.26004,2.78353,3
2.23713,3.99378,1.16145,1.12564,1.8997,0.905101,2
-0.192052,0.95478,1.63317,0.892741,1.8215,0.064641,1
0.423226,-0.713252,1.33168,1.77619,-0.583171,0.688392,-0
2.46309,3.54135,3.49009,1.17936,1.26159,1.28975,3
1.93242,1.70743,2.83086,0.0715289,0.864235,-0.168613,3
0.150869,3.23737,1.76596,0.946475,0.806701,1.33765,3
-0.623813,1.67368,2.40903,0.771534,0.26973,0.588729,2
1.89735,2.1951,1.92378,1.17171,-0.162251,1.08531,2
-0.315488,2.86679,1.27648,1.48098,1.53784,1.6733,2
0.730319,2.63035,-0.339367,0.205763,0.70046,1.13254,2
-0.263296,0.490231,2.31699,0.334193,0.0819869,0.553009,2
1.46885,0.567137,0.893346,1.02387,1.65293,1.21209,2
1.78809,4.45248,0.962974,0.951132,2.66529,1.48355,1
-0.264407,2.48304,1.44552,1.54773,1.53759,-0.606223,2
2.02736,1.7812,3.55097,1.40843,0.388053,-0.648554,2
0.0992522,1.36475,2.76517,1.69977,0.349776,0.431764,2
1.04435,3.09929,2.35288,1.13719,0.0649575,0.606879,2
2.026,1.75128,1.55965,1.38571,1.21906,-0.301488,1
2.2043,0.250554,2.046,0.833571,-0.150722,2.03904,1
0.624033,2.56515,1.45218,1.02541,0.863093,-0.571586,3
3.50213,0.769041,2.43454,1.11888,0.989119,2.44814,4
1.10754,0.118504,0.21351,0.872774,1.41615,1.223,2
0.483745,0.649399,2.54187,0.791524,0.768525,1.33809,0
2.69126,-0.0142938,4.27722,0.129288,0.498561,0.922842,3
0.621464,1.3459,0.102785,-0.73772,1.26257,0.385838,1
1.79044,0.631381,-0.867435,0.616785,1.419,-1.09532,-1
1.05433,1.11189,-0.204043,0.826237,0.249834,-0.488635,1
2.89232,1.23621,1.98803,0.945137,1.51358,1.63198,2
-1.1514,-0.237189,1.53024,1.19152,-0.181211,1.63307,0
0.678349,0.813664,-0.762903,1.40538,-0.23084,1.91077,1
2.24972,4.0411,0.223694,2.06677,1.89214,2.26225,2
0.883903,0.937116,1.00243,1.72843,1.99007,1.53088,1
3.01183,0.192912,2.62853,1.46069,2.65436,-0.130815,1
3.14756,2.0255,2.08397,1.92601,0.0190498,0.938267,0
2.06128,2.78737,1.77699,1.35183,2.88639,0.991132,1
-0.120559,1.28254,2.10119,1.09621,0.0187981,1.18507,2
0.0865263,3.67233,1.62331,1.51957,0.456863,1.2554,1
1.62994,2.88247,2.2786,-0.358712,0.250972,1.25673,2
1.69171,0.908525,2.37496,-0.799378,1.0549,1.24828,3
1.51371,2.00832,1.7097,0.158935,-0.0824986,2.31817,0
1.44774,1.63162,1.08455,1.09527,1.76416,-0.548827,2
1.1913,3.70054,0.388283,0.66747,1.08994,2.15105,2
0.454607,2.16795,0.798039,-0.269557,1.88167,0.848266,2
0.937948,1.36275,1.82177,-0.163264,0.436711,2.3829,1
5.25601,3.61284,2.20956,1.58958,1.13689,1.7244,2
-0.053223,1.75695,0.49522,0.911381,1.3431,-0.102834,2
1.96976,2.49218,3.37724,0.326832,2.93837,2.00606,1
-0.147366,2.53861,1.60954,1.23692,1.14718,0.858079,1
1.49444,1.17968,0.128638,0.522915,0.673032,2.4916,1
2.0639,0.475129,-0.76291,0.964631,0.408454,1.80589,1
0.344992,4.04055,0.32415,0.818694,2.86338,0.0419068,2
0.337672,1.59516,2.81739,1.2256,-0.327423,2.13599,0
-0.376827,-0.0100524,0.56824,1.02889,0.456134,0.484698,2
0.535993,0.714134,0.26715,0.187467,1.35669,2.03455,3
1.44052,0.178112,1.0996,0.836722,-0.359577,0.362955,3
0.915266,1.51764,1.12347,1.37646,1.50162,0.554954,2
0.897796,1.72132,3.33122,1.96002,2.0489,1.51486,1
1.86458,0.311554,0.760351,-0.280647,0.401834,-0.52619,2
1.46457,2.25698,1.23027,-0.227992,1.43749,1.6008,3
0.896683,-1.09604,1.25363,1.52874,1.86775,1.96794,3
1.64352,0.16619,1.88893,1.4283,0.771173,1.34014,2
3.82505,1.18247,-0.0713754,1.51652,0.491549,1.95117,2
2.29797,1.30303,1.22926,1.70919,2.21488,0.860103,1
0.764054,0.877535,2.29406,1.93964,2.91726,1.05011,1
0.955605,2.84985,2.79845,0.121538,1.27657,-0.522208,2
1.46225,1.71419,1.765,-0.406413,0.994473,1.37363,2
0.780656,0.941882,1.96173,1.08194,1.19181,1.17227,1
0.410486,2.00205,2.88208,3.07805,1.12021,1.25752,2
-0.308304,2.49501,1.9799,0.965424,0.579243,-0.253693,2
-0.0915335,3.12226,-0.256283,1.24513,0.365325,0.689502,2
0.0302253,2.91812,0.30927,-0.197582,2.02787,0.617099,2
1.76359,1.42206,0.257239,2.38281,1.30469,0.674407,3
1.55409,2.06629,3.54923,-0.734458,0.466858,1.10234,2
1.69097,1.72089,1.30565,1.19622,0.349138,1.72356,1
3.88502,3.09262,1.99422,1.19478,1.64743,0.595697,3
1.15019,1.60224,1.63296,0.839438,2.48566,-0.394271,2
1.47375,1.30104,1.10222,-0.516362,1.20792,1.4576,1
0.59012,1.17834,3.29446,0.15524,0.593232,0.268314,1
-0.475969,1.52282,2.41882,0.511102,2.15437,1.71547,2
-0.10929,1.00658,0.90698,1.18086,1.20162,1.46632,1
0.227946,2.81359,3.32173,1.06965,1.44074,1.19796,1
2.44338,0.681675,2.8047,1.2599,0.315295,0.267852,1
2.29532,1.33974,0.962723,0.399846,2.5521,2.0018,2
-0.438886,0.130996,2.24622,1.42463,1.43414,1.43079,-0
2.24253,1.25907,3.45666,0.490748,-0.331129,1.20076,1
1.5368,1.24326,1.45668,1.76877,2.28752,0.649719,-0
2.36814,0.403577,3.31388,0.0130823,1.42144,0.850304,2
1.62083,1.6532,2.74956,0.65047,0.299501,1.39932,2
0.401379,-0.149697,2.19305,2.07888,-0.173299,-0.574883,-1
1.3619,1.76758,0.840325,1.51945,1.02736,1.48712,2
1.25218,3.00515,1.8952,0.156796,0.558753,-0.807624,1
3.29968,2.49553,1.44427,1.18772,1.21782,0.741522,1
-1.31997,1.23478,0.113789,0.884868,0.155958,0.866848,2
1.39566,-0.498082,3.74956,0.986397,1.72091,1.07066,0
3.56254,2.71663,2.59132,0.552132,1.4573,1.31866,3
1.29396,2.8908,1.95905,1.19501,0.462076,1.31754,2
0.544551,0.231419,1.18015,0.367256,1.60447,2.26139,1
-0.268968,0.860284,1.18165,0.825701,0.641718,-0.0796341,3
2.169,0.539876,1.42077,1.15545,1.38085,1.68507,2
2.22741,3.62731,1.48063,0.495733,0.801067,1.29504,1
3.46659,3.81145,1.66981,1.57035,1.76854,1.97736,1
2.07151,3.63052,1.27681,0.15364,1.55349,0.781256,2
0.30264,-1.48266,2.53549,1.13528,1.13831,1.34356,2
0.11746,0.113953,2.89841,1.68858,0.701098,-0.242531,2
-0.667663,1.30003,2.7718,1.03617,0.436332,1.59256,2
0.204522,2.53662,1.11288,2.27371,1.79256,1.3699,1
0.035671,2.96126,1.38364,-0.228981,0.181465,1.62182,2
0.69879,0.792229,2.90628,1.23301,1.76248,1.81828,2
0.166361,1.20885,2.25774,-0.00798909,1.57765,0.938559,2
0.264713,0.8754,1.94358,1.13877,0.892502,1.55659,3
0.417427,3.16512,2.30729,0.775617,1.65547,1.39841,2
-0.066632,2.1361,2.01688,1.65943,2.24704,1.19077,3
1.36163,1.72051,1.84898,1.57088,2.16488,1.83794,2
1.53669,0.491522,0.85231,0.64698,0.258118,0.309006,1
1.47392,0.730959,2.03878,-0.100755,0.19183,1.22551,2
1.85105,2.98057,2.57034,0.877839,2.44578,0.762621,2
1.29349,2.05242,2.7168,0.969872,0.650615,-0.164974,1
2.42584,1.54342,0.714363,0.3047,1.76669,0.284814,2
0.45219,1.35199,2.21533,1.46215,0.859111,1.38892,-0
0.899742,1.64511,-0.043312,0.887121,2.28581,1.28633,2
0.800738,-0.397972,3.16291,1.1957,0.238247,0.98368,2
-0.00986652,3.80815,0.449542,2.49446,0.303291,0.067429,0
2.78224,1.7288,-0.165083,0.294199,1.09014,2.24236,2
0.917042,1.66555,3.35315,0.615266,1.66231,-0.204684,1
2.10766,1.44673,3.38532,0.540237,2.49477,0.760675,2
0.726257,0.834008,0.845729,-0.0560936,0.0339723,0.98697,2
0.407922,1.35918,0.715666,2.31248,-0.414843,2.06662,1
0.997316,1.93072,0.592474,1.33757,1.8093,-0.501605,-0
0.553594,-0.0698637,2.15475,2.01887,1.81428,0.931259,1
2.01015,1.12865,3.14436,0.176888,1.4545,0.461476,0
1.91488,-0.320078,1.83401,1.2331,0.26024,1.41385,2
2.18618,2.03447,1.93609,1.60494,-0.0223862,-0.133011,2
2.03434,3.50841,0.765773,1.73484,1.85512,1.28349,1
-0.623098,0.378583,1.35127,1.50107,1.93484,1.41684,1
1.00275,1.29575,0.460127,1.71126,1.70672,1.88036,2
1.85892,3.50562,1.79078,-0.653808,1.28721,0.543184,2
1.58907,0.131968,3.2537,1.52404,0.98237,1.26049,1
0.858333,0.444771,1.5439,0.217878,1.22995,1.07672,2
2.70104,4.18376,3.11423,0.879872,2.26506,1.23362,2
1.95949,2.58739,1.11829,0.0278777,1.26115,1.41996,2
1.08969,2.60276,0.870871,-0.374169,1.21685,0.844913,1
1.84562,1.58216,-0.174943,-0.269496,1.49342,0.741811,2
2.23472,2.36226,-0.059132,-0.622019,0.764283,1.49977,2
0.181212,0.258681,1.34329,0.86,1.06043,1.31965,3
2.42343,2.80525,3.497,2.34118,1.28637,0.655544,0
2.2767,2.80279,1.48689,0.465989,-0.729652,2.67609,1
0.525709,1.32863,1.94783,0.375936,-0.00753535,0.149361,1
1.82644,2.59471,0.108382,2.00836,-0.224116,0.679213,2
2.61329,1.8337,2.77636,0.0588251,1.30015,0.330417,2
1.32444,0.638358,1.55772,1.89254,-0.0215996,1.86463,1
1.59747,0.876307,0.926246,1.86114,2.07461,1.70233,2
2.31188,0.0523326,0.504852,2.24448,0.618436,0.340939,-1
3.0833,0.937605,0.277197,1.73149,-0.757715,1.03204,1
1.67153,0.10939,0.959865,1.6746,1.76596,-0.208659,2
1.72658,1.05294,2.36976,0.512528,0.967277,-0.196276,1
0.497925,0.440312,2.47519,1.43503,0.708588,-0.171411,0
3.54912,0.300493,2.46969,1.29892,1.17552,0.914417,2
0.540901,2.37305,2.22439,0.450877,-0.110155,0.32013,2
1.98185,1.44756,0.130271,2.37419,0.882902,1.26721,2
0.709754,2.16699,0.876439,-0.68546,1.24467,0.162013,2
1.64616,2.87904,2.89773,1.368,2.04558,0.366508,1
-0.0904227,3.04959,1.54495,1.98897,0.697903,0.957374,2
3.22123,2.65677,1.88485,0.786569,1.49613,1.68895,2
0.537643,0.144022,1.58396,1.55031,1.05186,1.34488,0
0.35571,2.54962,1.4804,0.819048,0.452672,-0.652093,2
1.95171,2.74441,0.585347,0.445479,2.72463,0.972873,2
0.830003,2.99884,2.34844,2.66964,1.66002,2.09711,-1
1.79982,0.586667,0.504596,0.935149,1.33301,1.7843,1
1.59654,3.0593,2.32973,0.515565,0.770476,1.07327,3
1.69785,2.36397,2.49884,1.21803,0.7766,1.68882,2
1.11821,1.96051,1.31803,0.687361,2.53146,0.573723,2
3.08724,2.78891,0.453439,1.21739,0.658025,0.556787,3
2.30308,1.78749,2.5447,1.04361,0.958875,2.56381,1
1.13001,0.628569,-0.387048,0.47288,0.786183,0.156425,2
1.40014,3.7059,-0.25406,2.18964,1.07085,-0.279482,2
0.798468,2.31677,-0.086007,1.22452,-0.179549,1.25689,2
3.0859,3.41494,2.45755,-0.280014,1.37468,0.430874,1
0.767325,1.18415,2.52221,-0.504898,0.382506,1.64995,2
2.50717,0.43653,2.68812,1.6359,1.1982,2.31445,-0
0.8896,2.88394,1.55312,0.556794,0.767223,0.525244,2
1.09301,3.29994,2.89342,1.30901,2.29394,1.67292,1
0.803592,5.07191,1.29935,1.49794,1.66954,1.73801,3
0.721661,1.95386,2.29434,0.863353,2.42609,-0.349635,0
2.75159,3.6567,3.80647,0.960501,1.65983,0.762779,2
-3.34096,9.52558,-0.528572,0.254625,9.6514,3.80942,2
2.27115,0.902029,2.40985,0.881123,1.40821,-0.434694,2
1.1763,1.81851,1.26613,0.938053,0.678623,1.60728,2
3.36246,3.80884,4.77288,2.18495,1.33532,1.64892,2
1.52645,2.73598,-0.41177,1.0675,0.348184,1.71066,2
2.633,3.0497,0.939514,0.784062,0.744599,1.12473,3
1.01543,1.09409,2.96971,0.925362,1.01881,0.101148,2
1.67779,1.26508,3.0205,1.62673,0.399772,0.56289,2
0.656432,1.00795,1.90223,1.10604,1.08021,0.215883,0
0.345221,1.94384,1.28342,0.292856,0.283327,1.65112,2
1.72445,1.27224,1.17644,0.804546,0.440594,1.69604,2
0.757879,1.74958,3.21166,0.193672,0.537255,1.20012,2
3.388,0.108102,1.60339,1.07823,2.11065,0.406374,2
0.0950276,1.18806,1.29855,2.39996,0.182302,1.22665,-2
0.179086,1.33805,3.61628,0.594158,1.34457,0.596994,2
0.830277,1.69593,3.94881,1.88928,-0.911883,0.381789,1
1.50835,2.36227,0.275538,1.777,1.32847,1.35803,1
-0.36902,1.18845,1.34739,0.466547,-0.0692071,1.54162,2
1.15281,0.573972,2.46351,0.320369,0.338157,0.863939,1
0.664237,2.68716,2.30911,1.33807,1.85122,1.44555,2
2.42507,0.981293,4.14386,1.21976,1.09421,1.4064,1
-0.348932,1.88697,3.62984,1.98737,2.35528,0.518255,2
-0.586014,0.710403,2.14699,0.493844,1.48024,1.02926,2
2.78105,1.70059,1.50458,0.729233,2.85923,1.38824,1
1.03546,-0.887091,1.00022,0.814406,-0.350132,1.69948,2
1.37991,2.51456,1.91652,1.09912,0.623752,1.17693,1
0.563931,0.454582,-0.074654,1.64503,-0.507614,1.62858,2
4.45416,1.89885,0.934557,-0.652189,1.30406,1.67858,2
0.973963,0.151175,0.0685407,0.926879,0.751426,1.60363,1
2.58907,1.37401,1.06883,-1.76938,1.32213,1.1867,2
3.10986,0.24669,3.12779,0.852794,1.0989,2.72682,2
0.256463,1.63572,2.06431,-0.60475,-0.295311,0.361762,3
1.68012,1.74844,2.92234,1.11761,2.0252,1.19964,2
2.64945,2.6593,0.633726,0.0103991,2.23785,2.10235,2
3.12313,3.52745,2.39744,0.217026,1.54905,0.629423,2
0.103047,3.35364,3.32727,0.665655,-0.0248873,0.141475,2
0.372106,1.66739,1.44151,1.31297,0.0120781,1.62919,1
-0.357009,1.68194,4.20637,1.36398,1.36499,1.02226,1
0.804124,0.834611,1.88036,1.0946,1.78949,-0.309443,1
2.50452,3.57931,1.07213,1.12982,0.27003,0.83125,2
-0.356998,0.195422,1.51984,1.3104,2.06709,2.61543,1
1.41339,1.95236,1.47243,0.247127,2.84664,1.01898,2
0.221632,2.8401,2.0037,2.30229,-0.49255,1.13365,2
1.78032,0.306769,-0.50211,0.871165,1.13239,1.14246,1
1.20959,-0.0697974,2.32521,-0.513129,0.744528,1.10556,2
1.80742,0.427913,0.802758,0.0616372,2.99893,-0.169429,1
0.940908,2.78589,0.751174,0.484981,0.589567,1.59913,3
0.0927267,3.12536,1.98525,0.331635,0.521808,0.17418,2
2.08954,1.69893,2.7772,1.23466,1.87937,0.809561,-0
1.75364,0.324714,2.05437,0.281483,0.574327,0.993479,2
-0.0894504,0.488985,1.9138,0.444763,-0.350824,1.08506,3
0.994294,1.05605,0.839869,1.97342,0.305437,2.23785,1
0.97797,2.88013,2.54355,1.23892,2.08033,0.358375,1
1.18431,-0.406619,1.03777,0.657207,1.97008,0.640363,1
1.97682,0.527073,2.58417,-0.819141,0.786878,0.841065,2
0.880902,0.427348,4.80813,1.78415,1.25673,1.28859,0
1.89628,1.69689,3.18858,1.33811,2.62415,2.75479,2
0.00273498,3.35504,0.670379,1.25803,0.792142,1.71725,0
0.895226,4.21141,3.48485,2.00199,1.23298,1.62928,1
3.06042,2.43552,1.90401,0.0435154,2.44218,0.579162,1
-0.153219,1.06997,1.7806,1.61007,-0.387547,1.0476,-1
0.391786,2.30903,0.0499755,1.09701,2.38679,1.82582,3
1.8876,1.33892,0.974648,0.462706,-0.559225,0.628119,3
-0.0490529,0.568468,1.67876,2.36135,1.63397,1.27279,1
0.200393,2.35589,0.723017,1.88117,2.13922,1.17303,2
1.58933,1.33716,4.24943,0.473365,2.35271,0.969691,2
0.63028,3.74565,0.66979,0.379173,0.353597,0.651376,2
0.853003,-0.517344,-1.47147,1.54275,0.772423,-0.182159,2
-0.319767,1.87738,2.42169,0.121027,1.1776,0.781,3
2.27083,2.28765,1.8913,2.53614,-0.0375864,1.49695,1
1.331,2.34039,0.108884,0.081446,0.925983,-0.227411,1
2.10641,1.86426,0.930272,1.70707,0.449515,-0.161247,2
1.40518,1.56786,3.26019,0.773371,0.67517,0.845858,1
0.591152,2.00399,-0.409444,2.14566,0.813063,1.18924,3
2.00823,2.97586,2.63578,1.69038,0.674859,1.8662,1
1.65201,2.49959,1.27141,-0.480687,0.603408,2.05236,1
0.404846,3.25565,0.770319,-0.435796,0.529191,0.0594086,1
1.93187,1.79707,0.0836586,0.566671,0.85717,1.02982,3
3.22298,2.92693,2.35564,1.57341,1.69146,-0.176718,1
2.0009,1.32312,3.6191,0.68892,2.67982,2.06808,2
1.20085,2.42566,2.84029,0.19167,1.60419,1.18966,2
-0.205114,1.82364,3.35967,1.57265,0.338301,2.32866,1
0.0741743,2.74105,0.359233,0.265501,2.10241,1.82578,2
1.16821,1.91683,1.56314,2.3473,0.721979,1.72812,2
2.25237,2.18626,2.09112,1.08571,0.296134,2.65289,2
3.41415,1.91871,2.4097,0.445558,1.27985,0.882893,0
1.58347,3.36659,0.875207,1.27775,1.5254,-0.00548194,2
1.62477,1.29526,1.88248,-0.240261,0.367757,-0.177498,2
1.65624,0.109073,1.11776,-0.147712,0.950979,2.40862,3
1.99009,3.35984,1.01753,2.3035,0.777358,2.18542,0
0.595321,1.36652,1.02617,1.10793,0.308046,1.10002,2
0.982257,0.501464,2.63216,1.3492,0.698021,2.91823,0
1.26845,2.9126,2.23841,0.00600239,0.990425,-0.424843,1
0.462728,1.92031,-0.296615,0.731511,1.68527,1.63672,2
1.78456,2.42667,3.55147,1.53685,0.777478,1.65172,-0
2.48014,1.65401,0.457604,1.92342,1.92671,1.76948,2
1.12461,-1.31044,1.56197,1.01983,1.77033,1.52985,1
2.80037,1.88803,1.18047,1.45802,0.259626,0.144795,-1
1.23175,1.85632,1.95078,0.416483,1.89933,-0.525717,1
2.65015,2.51941,1.66567,0.814186,1.24677,1.17536,2
3.73614,1.7795,0.819431,1.09619,1.47388,1.49167,2
0.648651,3.45045,1.16983,0.234892,0.148031,2.07117,2
0.63093,1.85465,2.37223,1.40951,0.262424,1.95956,1
0.447065,2.8401,2.41352,1.10382,0.401891,0.42326,2
3.55783,2.93605,1.54595,-0.536886,2.23891,0.989847,2
-0.655358,1.51919,1.80635,1.57187,1.71773,0.661607,1
0.870254,2.02372,-0.667479,0.352269,0.136003,1.37204,2
2.23954,0.272979,1.83723,0.529631,1.51262,0.649083,2
3.48373,0.0516061,1.71991,2.07052,0.450832,0.132022,3
2.26679,2.53167,1.65195,0.959182,2.19572,1.22463,0
1.97417,3.23128,0.876003,0.968115,0.590657,0.947662,1
-0.371415,0.478132,2.54415,1.6513,-0.243843,0.00400903,1
1.39331,1.4573,0.355227,0.803741,1.44633,0.172201,3
0.54579,1.59743,1.24768,0.063852,0.661303,2.36559,3
-1.15447,1.57541,2.17717,2.80676,1.74108,1.18809,2
2.99003,-0.171952,1.3585,-0.396063,-0.158625,0.114673,3
3.1714,2.12149,0.347329,2.84501,0.425379,1.92013,1
-0.336865,0.75337,0.592806,1.99367,0.316344,0.985376,1
2.14147,0.563604,1.82409,0.84459,-0.412737,1.10274,0
0.786843,1.62802,1.8246,0.199927,1.08736,0.339663,1
2.30936,2.3629,1.63898,2.22365,1.76071,1.06692,1
3.19866,2.96387,0.962028,1.37044,2.86332,1.25972,1
0.524027,2.94092,1.61868,0.267087,0.926433,1.43094,2
1.19992,-0.446362,1.6394,1.24836,1.26913,1.05301,-1
1.76207,0.398983,1.08892,1.95491,1.20649,2.29947,2
0.998611,-0.446627,4.37986,1.107,0.439852,0.839906,1
0.965105,2.31846,0.993963,1.4354,2.11326,2.00184,2
0.406926,-0.230283,3.90368,1.21469,0.440806,0.67775,-0
3.2937,3.15209,-0.985421,1.24855,1.95305,1.70248,3
2.21251,1.64147,2.24304,1.44929,1.20139,1.60532,0
0.772004,1.85193,3.8582,1.59736,1.84508,1.80498,1
-0.761667,-0.216666,1.06725,1.20106,0.936302,-0.237525,2
1.28702,0.850563,2.15894,1.28364,1.57056,0.735969,2
0.797712,0.607547,1.25266,1.23267,0.763898,0.800843,3
1.863,0.408336,1.8554,0.675455,0.672744,0.108498,3
0.855762,1.49432,1.73213,1.30196,0.762015,0.707532,2
1.29934,1.39706,0.516586,1.81366,1.17773,1.00962,2
2.13505,2.41849,0.517205,1.25117,0.97812,0.517682,3
1.80723,0.229017,0.247064,1.27559,1.85487,0.43276,0
-0.10723,1.76793,0.674435,0.920274,0.991114,2.72222,2
2.64042,2.91191,1.46252,0.888386,1.08786,1.7681,3
2.20101,2.94544,3.78487,1.8014,1.42005,-0.0226702,1
19.4027,-85.2299,-82.0469,-64.8496,22.29,170.417,95
0.701167,0.451718,1.84381,1.27863,0.837613,-0.0101607,2
1.31142,-0.393676,0.925199,0.704805,1.08616,2.31919,1
0.582872,-0.196411,3.45458,1.82529,0.778984,0.462337,2
1.31236,1.70516,1.79264,-0.560995,0.216418,1.11431,2
3.45481,1.72983,3.93531,0.178785,1.72528,2.5087,1
1.1701,1.0928,0.560544,1.19189,0.332447,0.203266,2
1.55714,3.44272,-0.582561,1.87184,0.87374,1.39973,1
2.83362,1.29478,3.08235,0.560577,1.70944,2.35154,3
0.855534,1.97872,0.707822,0.130776,0.665392,1.05888,2
2.4626,1.71863,0.531446,2.52421,0.859765,1.2186,2
1.84801,-0.0315124,0.332561,0.505373,0.829733,1.35387,2
1.64211,3.85957,0.833688,0.681906,1.33221,0.599558,2
2.0562,0.94777,2.67855,0.839306,0.423188,1.93732,1
2.47503,0.496847,1.32127,0.611568,0.172115,1.03279,1
-0.0325961,1.52829,2.67193,0.298332,1.11864,1.24755,2
-0.183077,1.60373,0.908474,-0.00872737,1.21665,0.26789,2
-0.463845,1.89841,0.587097,-0.334768,0.761183,1.75824,2
1.3963,2.25834,1.91959,0.650375,2.17706,0.999385,2
-0.0204882,2.24365,0.0732245,0.841962,2.14262,0.601356,2
1.1331,0.888928,2.42055,2.47387,1.65992,0.843291,1
-0.944812,1.46764,2.01683,2.16453,0.500912,0.347656,0
-0.675041,2.61047,0.941973,0.328682,1.60534,1.01048,3
0.594737,0.702003,-0.708958,1.14215,2.16517,1.10216,1
0.348362,1.8849,0.362998,0.658806,1.00432,1.43417,1
1.28824,0.0217187,2.98524,0.479833,0.541217,0.327743,2
1.13633,2.86469,3.10179,0.23134,0.89761,1.86673,1
0.42001,4.25101,1.75641,1.13699,1.4311,1.48061,1
2.96819,0.549442,1.61027,0.317755,1.66078,0.763146,0
1.57909,2.40698,0.812824,0.824272,0.805459,0.843145,3
2.1557,0.232526,2.528,1.61422,1.81697,1.47514,2
-0.149408,1.44713,2.03466,2.48844,0.406787,0.516012,-1
2.08999,1.76058,3.19702,0.144157,0.479092,1.47726,1
1.54752,1.18721,1.06666,0.780777,3.12525,0.776757,3
1.08965,0.365052,1.53525,1.77372,2.01288,0.617265,2
1.52602,2.6613,0.835325,2.95598,0.908209,1.64442,-0
1.71945,3.09892,2.49867,-0.156345,1.48497,0.892779,2
0.603384,2.28843,2.20226,1.55979,-0.109673,0.7616,0
1.79621,1.53278,1.83262,0.368172,1.82353,1.11916,1
1.35148,1.11335,-0.887672,-0.415856,1.14706,0.734291,2
0.429967,1.69758,1.462,0.0398603,0.928515,1.62782,2
0.311139,0.891489,0.854071,1.09652,1.76115,-0.513093,3
0.468161,0.228984,0.577414,0.464381,0.674142,0.770516,2
1.70431,1.43012,1.45593,0.612919,2.59665,0.375775,2
2.0819,1.554,1.62987,1.30575,0.76002,1.35712,2
1.35068,1.78643,1.24,0.131052,0.714344,1.59545,3
1.80144,2.42075,0.477212,0.585681,1.51024,-0.564288,2
-0.790616,-0.877733,2.90613,-0.0185005,1.22195,0.253668,3
2.84872,-0.0232348,4.16439,2.10267,2.57,1.89442,0
0.809357,1.36004,1.65415,-0.0597564,-0.262763,2.16982,2
0.378069,3.30125,1.90405,0.242562,0.83208,2.22411,3
0.434651,3.90751,2.4068,-0.353965,1.12778,1.40426,2
1.18171,2.8438,0.755772,-0.573904,1.48828,-0.0284046,1
1.85633,0.0421173,2.0642,0.0942286,1.2628,1.12652,2
1.3706,2.88683,0.816662,0.63314,1.11549,1.24055,2
1.54527,1.07807,4.23247,0.38644,1.18019,1.37835,0
2.08298,4.44069,-0.0703252,1.79093,2.55587,2.18065,2
0.357251,0.957883,0.655849,2.79158,-0.549867,0.308124,-0
1.15037,2.85988,0.382027,0.168408,0.166256,0.243636,2
0.861547,2.06426,1.60254,1.0684,1.14172,1.76417,0
2.11662,0.471053,3.91068,0.511458,0.357335,1.484,2
2.65673,0.302732,2.5783,-0.368715,0.530854,0.903031,3
2.59606,2.02446,1.49897,1.83669,0.107522,1.68648,2
2.02653,-0.321308,1.29385,-0.165195,0.443792,0.647954,3
0.5819,0.675714,0.421352,-0.555337,0.862368,0.600442,2
1.3889,1.46432,1.36476,1.81146,1.63516,2.26209,0
0.0686053,2.78189,-1.12408,0.928251,0.459933,0.173433,2
0.897289,1.44075,2.59678,0.178905,1.01227,2.88332,2
2.50599,3.35082,1.95438,0.242102,1.58776,1.12416,2
1.59718,0.805379,0.884042,1.08341,0.906566,0.332358,-0
1.01283,-1.54342,1.77062,0.347487,0.23706,0.463525,2
1.29717,2.06291,0.931569,1.05012,2.13385,2.98748,-0
1.64973,0.250192,2.04035,0.453097,0.241302,1.57311,2
1.52502,3.09894,0.214564,-0.195794,1.4088,2.02276,2
0.950966,1.28183,-0.0104501,1.04516,0.790381,2.81516,2
2.72804,0.184538,1.97944,0.64077,1.78918,0.724002,0
0.0270695,1.992,1.69475,1.10418,1.78095,2.09095,2
2.39481,1.66455,1.03508,0.703957,-0.260244,1.3221,1
0.585968,3.28612,1.44571,0.424093,0.576425,0.233869,2
1.36932,0.947172,1.81315,0.144086,1.90834,1.66657,0
0.915207,2.37663,3.19762,1.40764,1.30918,0.0128314,2
3.12658,2.5695,0.665097,1.01597,0.784654,1.37774,2
0.316019,2.53452,2.25052,1.93581,0.341739,1.21651,0
2.85226,1.40057,4.52597,-0.285135,0.592661,0.939866,3
2.30832,0.637551,-0.158999,2.81825,1.60503,0.101966,2
1.18762,1.59563,-1.05385,1.27389,0.779667,0.89248,1
0.932139,1.24539,4.18854,1.60262,-0.215523,1.64821,2
3.19457,3.80078,2.24825,1.07246,0.986098,1.67027,3
1.30223,3.50383,2.27736,0.242002,2.08367,1.01476,2
-0.19313,-0.130579,1.40982,1.66835,0.749378,0.556552,-0
2.3321,3.46879,1.23341,1.99134,1.73381,2.09052,2
1.65312,0.20999,1.81638,1.66412,0.831331,1.87666,2
-0.509353,1.36326,4.15145,0.578832,1.9888,0.327614,2
-0.180199,1.03498,1.55016,0.670843,0.227282,1.34549,2
0.437307,2.41746,4.19097,-0.311797,1.16062,2.6677,2
0.46299,1.06625,4.02273,2.65277,1.29286,0.516738,0
0.619504,-0.218606,1.63359,-0.478138,0.285753,0.95942,3
0.947976,-0.122244,0.641601,0.768544,1.63568,0.859086,2
2.98192,3.03315,3.10625,1.07084,1.78001,1.12568,2
3.07711,-0.969316,0.376056,1.75081,2.62409,1.64589,2
3.19743,1.06244,2.73283,0.99232,1.72572,1.74343,3
2.22017,1.17209,1.58715,2.01222,1.08391,1.31786,0
1.24116,1.08244,2.11213,1.75818,-0.0695928,0.406129,2
2.01762,1.7631,2.36747,1.95381,0.631798,0.801938,-0
2.14639,2.40566,1.26072,1.94798,1.84488,0.329482,2
-0.936781,1.68318,3.37006,0.723141,1.66442,1.06152,1
1.25823,1.58677,-0.684696,0.880176,0.850507,1.04343,2
1.57063,2.37232,2.04465,0.037297,2.4429,1.05455,2
4.02523,1.09607,1.05023,0.955314,1.96462,1.42846,3
0.740805,2.43324,2.32716,0.0688623,1.66427,0.184832,1
2.21582,0.486737,1.92101,0.0182138,-0.361399,2.24218,2
1.32276,0.123819,2.86443,0.631651,1.79598,2.07127,3
1.60265,1.45323,1.93054,-1.05257,0.0316525,0.346196,2
1.41463,1.32444,3.77996,1.17901,0.214209,-0.943233,3
-0.928639,1.50664,0.503429,0.830886,0.17365,0.752938,1
1.01407,1.27883,-0.617305,1.57721,0.565747,1.21428,2
-0.311713,1.71225,0.382021,1.41255,0.458409,0.718544,2
-0.691954,-0.0956548,2.14832,0.41552,1.2059,1.78471,2
1.26178,-0.222323,2.34417,1.69966,-0.0681113,0.583343,-0
-2.10866,0.903648,1.06933,1.28499,0.871042,1.81447,2
1.25841,3.35856,-0.00429332,2.50045,1.05751,0.502037,2
-0.785978,2.09215,1.58196,1.53483,1.12594,1.25125,0
2.72651,1.19745,2.27968,0.937153,-0.928175,2.17475,-1
0.512906,1.24914,1.12158,0.122918,2.26941,1.1945,1
3.17204,2.53066,3.97176,0.445971,0.283247,0.904626,-1
2.0201,1.93762,1.07529,1.02476,0.53103,1.51448,1
1.54477,2.12297,0.49792,0.660028,0.900959,1.10762,2
1.71826,0.426918,4.41861,1.89931,0.819571,2.00023,1
0.667568,2.2471,2.12555,1.46817,2.52313,1.05187,1
0.76632,2.40133,1.9581,-0.557483,0.310628,1.53605,1
3.53031,3.58065,3.3643,1.06175,2.1305,0.81963,1
1.05391,3.17039,2.68717,1.41183,1.35411,1.612,1
0.876158,2.21959,1.37946,0.169631,1.42276,-0.829207,2
1.15792,-0.51137,1.35704,0.12892,4.615,2.48401,4
1.78262,1.0173,1.09189,0.871506,2.0525,0.921236,-0
1.19308,2.43528,0.426506,0.642507,1.3818,1.70611,2
0.135233,1.78342,1.36892,-1.06601,0.466842,2.08703,2
0.725658,0.641431,1.82126,0.41598,1.09371,0.566073,1
0.267908,3.0434,2.01833,1.25774,1.54349,0.199405,1
2.05975,-0.229443,2.01832,1.24351,-0.0798839,0.744795,2
1.93203,0.775426,1.30513,0.330146,1.58417,0.0519895,2
0.841844,3.5481,4.86169,0.813832,1.71999,0.772305,2
-0.0900871,1.3613,1.05551,0.642419,-0.988575,1.68017,-0
-0.0273981,1.7869,1.20734,-0.633554,0.251437,0.286649,1
-0.219443,2.42763,3.17904,0.408227,1.10514,0.760522,2
2.9833,1.63161,2.61302,1.13052,0.814977,1.10917,2
1.05177,0.932414,0.379593,0.928705,0.235684,1.82401,2
2.661,0.833755,2.55534,1.73943,0.882534,0.513821,2
-0.135171,0.984106,1.7338,1.66609,1.70779,0.664945,0
0.835611,2.6989,1.58196,2.97903,0.241723,0.939274,1
0.950912,0.901962,2.07664,-0.62948,2.65973,1.50097,3
3.24552,2.97672,2.50928,0.817888,0.993751,0.829757,1
2.01219,-0.684869,3.30078,0.639006,0.821629,0.870323,2
-0.631149,0.691816,1.03023,2.01355,1.76822,1.34066,2
2.20088,1.89116,0.410565,1.27248,-0.842254,1.7334,-0
1.79458,1.86824,0.716888,1.27731,0.431937,1.54098,2
0.350469,0.647537,2.66843,0.985945,0.881124,1.33257,1
2.94135,3.74063,2.22006,1.32594,2.19544,0.121787,1
2.23673,2.22262,3.11097,2.28567,1.67121,0.904829,2
2.77092,0.629368,-0.342044,0.952153,1.01741,2.04342,2
0.645365,2.86893,1.63345,1.437,0.914186,0.54145,1
1.2764,1.61035,0.858241,1.03958,0.201684,2.12515,2
2.14751,0.765559,3.36482,0.204899,1.51816,0.60725,2
0.548379,3.67619,1.44974,1.47276,1.79183,0.456776,0
0.34163,2.3738,0.218167,1.50778,1.45282,0.394885,1
1.24205,-0.950794,0.662733,1.10303,1.69645,0.342224,3
2.22366,2.051,1.42122,1.00349,1.0194,-1.13819,0
2.06349,1.12961,2.25507,2.9298,0.295405,3.03023,-1
0.31773,1.73297,2.8998,0.974056,1.33046,1.72899,0
1.0168,2.52539,2.13927,-0.988764,1.56245,1.82624,2
3.34692,-0.152321,2.5506,0.825429,1.34931,0.53336,1
1.45538,3.6847,-0.679125,-0.0531257,0.47075,0.634646,2
0.801146,2.41073,0.754794,0.744204,0.932644,1.18658,2
-0.347699,2.99367,0.537823,1.49527,0.789235,0.174841,2
1.16719,-0.493533,2.05708,1.39089,0.824387,1.61983,2
1.55425,1.10036,3.22024,1.36868,1.5518,0.272566,-0
0.0502274,-0.419901,2.71148,1.11091,0.0543371,0.959487,2
1.6954,2.79494,1.25826,1.40794,0.716003,-0.236206,2
0.313173,2.70464,2.09654,0.681027,1.99,1.44932,2
4.28839,4.06291,2.74251,1.26073,0.549181,2.72478,1
0.212182,1.23658,1.65632,1.85155,-0.0533904,0.656784,-0
0.218918,0.687927,-0.554598,0.789986,0.815533,0.547237,1
0.182227,1.95351,2.99942,0.943516,1.33416,0.638279,1
0.431886,1.39465,1.66873,1.46544,1.59679,0.987663,3
1.56217,1.81125,0.00143551,1.80461,0.982473,0.835581,2
0.240168,1.91799,1.0498,0.385939,1.93847,0.0392356,2
2.23466,1.75445,0.236852,0.0520976,1.89362,0.601383,3
1.35332,0.547383,-0.0394532,0.923697,-0.650252,1.31681,3
0.037495,1.5073,1.74646,0.325446,0.844273,1.01321,1
3.08478,1.92521,1.95718,0.320211,0.227506,2.01405,1
1.69391,0.752426,2.26579,1.39569,1.23898,0.507497,0
-0.122643,2.34409,1.27212,0.453556,1.91817,1.04331,2
2.79439,1.79185,0.661545,1.25977,2.68894,-0.0282657,1
2.33032,2.70845,0.0930354,1.05278,2.33139,-0.716665,2
-0.129005,0.233257,2.92254,-0.0387575,2.12474,0.0277481,2
0.809343,0.74638,1.72945,1.86832,1.27385,1.3427,-1
3.44345,0.0767651,2.01105,0.071926,1.73567,0.777099,2
1.24777,2.91845,-0.18551,0.953416,0.273757,1.15118,-0
2.09645,0.180069,2.12367,2.09484,0.459722,0.645037,1
0.597368,3.73809,2.48271,1.36695,0.545286,-0.0392373,2
0.684225,2.29533,0.679816,1.23955,2.24977,0.181487,1
2.73781,1.55201,0.612121,0.974854,0.734458,0.775989,2
1.40748,1.86355,0.811621,0.444083,1.21624,1.828,3
1.04403,2.21214,0.995611,1.42029,1.93183,1.4091,2
1.36725,2.87653,3.16385,-0.215259,1.44761,0.731225,2
-22.4459,-10.8258,13.8702,6.21869,-4.05444,6.00098,5
1.11547,2.48021,-0.531795,2.45031,-0.0911066,-0.271865,0
2.83658,1.08557,0.434963,1.02767,0.585707,1.49496,2
0.983483,2.58299,1.71624,2.72015,2.51841,-0.21293,0
1.40868,1.791,1.93139,1.06591,-0.758525,0.328527,2
0.569155,2.84394,2.92749,1.57748,1.49199,1.32381,3
1.22047,1.3434,1.44131,2.91767,-0.157605,0.776801,-0
0.795944,1.57596,1.24326,0.626873,0.932907,0.751143,2
-0.470573,2.36232,2.84078,0.409139,2.50534,-0.27883,3
2.06582,1.76342,1.8296,2.57205,0.403108,1.77543,1
2.24441,1.12057,2.71287,0.599504,0.3418,-0.214272,2
1.61474,1.63497,-1.27693,1.29181,0.855391,1.69828,2
3.19755,0.375345,1.21206,0.479163,1.81387,0.658584,2
1.55262,3.60731,1.96517,1.25252,1.57057,1.44898,2
2.16237,2.98771,2.13269,2.21938,1.00646,0.409654,0
1.33711,4.22872,1.17729,0.46049,3.0852,2.54436,2
0.346487,2.93724,2.72185,1.39596,2.17547,0.891792,2
3.31135,-0.133619,2.8515,-0.0388604,0.126547,0.894209,2
-0.779203,1.23087,1.4315,1.6116,1.00889,-0.350151,1
2.37495,1.31884,1.58185,1.73592,-0.580036,-0.900323,1
2.5156,1.42711,2.40076,0.645649,2.49734,1.44516,1
1.66531,1.09599,1.87629,1.48012,0.153229,2.94571,2
-0.344012,2.52806,1.5953,0.743521,1.67348,1.41222,1
0.824464,1.2858,1.36204,1.66588,0.101437,3.1645,2
0.899733,-0.442063,2.58374,0.860718,0.334791,-0.230393,2
1.58497,0.146587,0.378476,0.0169051,1.83368,1.8577,2
2.07168,0.966893,1.73057,2.05653,2.02462,1.97496,-0
0.131391,1.9653,1.55823,1.48935,2.49555,0.174966,1
3.11851,2.64676,1.95111,0.152803,0.932857,2.18696,2
1.76272,0.598945,2.31333,-0.0389411,2.2125,0.364253,2
0.432116,2.33724,2.20526,-0.00350079,2.52779,1.68727,2
-0.120862,0.300385,3.08941,0.767681,0.142295,1.29595,2
1.92151,1.81546,-0.202701,1.31254,1.19359,1.51774,-1
-0.985764,0.604337,1.32304,0.884307,2.13209,-0.0422386,1
2.15626,1.65595,2.36635,1.59637,1.24833,2.17727,1
1.43504,1.80193,0.525956,2.20644,-0.687284,2.42213,2
1.60022,-1.06346,-0.663904,1.67469,0.413801,2.05532,1
1.30827,0.462561,0.738506,0.329187,0.0775328,-0.793488,1
2.3986,1.45917,1.78294,0.795026,1.17426,1.74103,2
1.98184,2.18557,0.555013,2.63302,2.82521,-0.227427,1
0.640197,2.7918,2.86622,2.01498,0.634116,2.38573,1
-0.339191,0.401135,2.7797,1.00894,1.57296,2.1765,1
0.792042,0.430409,1.14269,2.12776,0.530132,2.27504,0
1.40667,0.689891,1.91087,0.89566,1.33151,1.24538,0
1.07166,2.02616,1.46451,1.24976,-1.02319,0.219805,3
0.760955,0.973892,1.86813,2.53922,1.6424,-0.83908,-1
1.57233,3.04219,-1.55607,0.375791,2.56374,1.41115,2
1.59681,0.136703,0.897517,1.78952,0.490946,-0.0981882,-0
2.72521,0.170379,2.41044,0.104718,1.13495,1.41388,3
1.64703,0.939339,1.44291,2.867,1.30906,1.14108,2
1.43731,1.65612,1.17228,0.920562,0.944103,2.39869,2
4.24442,1.90037,2.11834,1.56225,1.2299,-0.00566658,2
2.21216,1.44896,1.7157,2.77937,-0.395254,-0.34314,1
1.66244,2.48236,2.84177,-0.781719,0.972585,0.582357,2
2.53626,0.672217,1.52982,1.38917,1.26695,0.910885,2
0.0113155,0.15764,2.96381,2.10744,1.49325,0.619492,0
3.52217,0.977579,3.60409,0.415281,1.07832,0.435583,2
1.81221,3.56125,1.12853,0.551162,2.71779,1.94293,2
0.76832,3.01587,0.565089,0.87954,0.414966,0.597439,2
1.30433,1.96123,3.79897,0.92607,1.03033,1.29221,0
-0.773156,2.2331,0.955677,1.18323,0.439864,2.09602,1
3.33295,3.00337,2.24525,1.33933,-0.933292,1.00411,1
0.84679,4.23635,1.06262,1.25169,2.13782,2.16316,2
0.368487,0.637111,1.78806,0.00262151,0.515221,0.782214,3
3.18012,1.46703,2.57012,0.456997,2.11904,0.564176,2
0.541173,1.46341,2.86351,0.459803,0.156296,0.519061,0
0.647337,-0.231229,1.39748,2.01043,1.83859,2.1425,1
0.045153,1.35963,1.90702,1.58145,1.13356,0.620155,1
0.449026,0.408605,1.61201,0.684079,1.53879,1.78178,0
0.85672,1.95966,0.826382,1.86134,0.49383,0.0478286,-1
1.74762,2.10601,2.72747,-0.0374602,1.32881,0.875611,4
1.94134,2.98724,1.56194,-0.607087,1.23584,1.97727,2
1.933,0.703105,3.87419,0.890191,1.99377,2.81476,1
1.32082,1.05118,2.44143,1.39698,1.12871,-0.928339,1
2.06008,0.16383,3.49882,0.0477181,0.999952,0.880648,2
1.97396,0.596364,2.78844,2.00084,0.764802,0.373357,-0
2.00927,2.30917,3.31821,1.27928,0.293794,0.613929,1
3.11834,1.88596,3.30619,0.649129,0.584022,-0.483823,2
2.12314,2.6222,0.541394,0.9074,0.96399,0.686565,2
0.682637,-0.084988,2.31388,1.21156,-0.036164,-0.860318,1
-1.33858,0.802505,1.33859,0.869833,0.700326,1.09086,2
1.52783,2.54756,0.9177,0.346766,1.67734,-0.289364,2
3.24037,1.47582,1.53329,0.707291,1.50393,3.31834,1
1.21562,2.23945,2.3408,0.890572,1.73641,1.21781,1
1.67606,1.21517,1.82893,1.31805,1.68692,2.01236,1
1.24371,0.839409,2.75595,1.40436,0.918046,-0.174243,2
1.79899,2.67578,2.65117,2.64112,-0.623795,0.4405,1
1.85648,2.57923,3.21927,1.27301,1.80185,1.97355,3
2.28208,1.63719,3.36932,0.200122,0.81924,2.40696,2
2.40798,0.198074,1.69188,2.95834,3.54913,0.99683,-1
0.401801,1.99395,1.10563,0.634458,0.257879,1.42365,2
2.83809,3.05244,3.24908,0.660623,1.34511,0.938013,2
0.00455238,0.420439,0.847124,1.40661,0.927285,2.25175,-0
1.83526,4.83867,2.57756,2.29483,0.713738,-0.0358244,3
0.862425,2.70072,3.54582,0.29225,1.25028,-0.132004,2
0.502076,0.562083,1.98384,-0.37233,0.424966,-0.147141,1
2.74254,1.31456,0.0524021,1.46087,2.1097,1.74589,1
-0.435799,0.865356,1.21939,1.55361,0.128671,0.749109,1
3.19031,2.79165,0.327563,1.17085,1.8081,1.87673,1
0.794751,3.52109,0.515995,0.311402,1.90599,1.06951,3
3.32178,0.0782997,0.569879,-0.187158,1.56308,1.80588,2
1.6621,3.15542,1.63896,1.96206,1.3517,0.919848,3
1.05618,2.07865,1.82365,2.03394,0.666518,3.20469,-1
3.74238,-0.725093,3.16858,1.28514,0.906965,0.772067,3
-0.119179,1.70526,1.37786,0.810624,1.6411,2.05112,1
3.20536,-0.152002,0.355857,0.342821,1.38049,1.11371,0
-0.741116,2.9963,1.17732,-0.709123,2.04527,0.496917,1
1.68446,0.186907,1.17516,2.08556,-0.539581,-0.124476,2
2.55908,0.272805,2.13207,0.596179,2.64684,1.47752,1
3.54876,4.12305,1.8688,0.324607,2.15751,0.687676,2
0.995169,2.56139,2.29866,0.92864,1.38978,0.728424,2
0.0191787,1.65985,1.39775,0.340381,0.970043,2.02265,2
-0.31138,3.00456,1.75147,0.563013,1.63906,0.224081,0
1.52062,2.95924,1.43586,0.395762,1.54281,1.58249,1
2.16322,1.13385,2.91636,1.30993,1.95944,0.307947,-0
0.407204,1.69161,3.50875,0.551719,1.30972,1.29071,0
2.08404,0.813146,0.985207,0.539943,1.0941,0.910322,3
1.32263,-1.13828,0.80544,1.88419,0.129933,0.384588,2
0.980544,2.36992,0.598979,-0.189489,0.29013,1.91348,2
-0.262834,2.17517,2.67948,1.91521,-0.329238,-0.0361547,2
0.597171,2.06425,1.73144,2.38809,-0.0204777,1.24257,1
2.63766,3.01088,3.49423,1.96974,0.136376,0.603216,2
0.835051,2.27831,2.49266,1.94143,1.6517,0.0343019,-0
1.30015,0.320689,2.03594,2.4488,-0.324947,0.0362392,2
-0.537234,-0.706071,0.814333,0.61694,0.676903,1.30469,2
-0.727263,0.467044,1.53781,1.1332,1.41627,1.4137,1
2.50498,2.10946,2.06883,0.103212,2.16561,-0.211065,2
2.67977,2.96213,0.356953,2.26781,0.0805724,0.812564,2
1.68617,1.5768,0.774786,0.715018,-0.590693,2.02378,1
1.98055,2.21252,1.23408,0.633054,1.62472,2.5322,3
2.37587,2.28677,1.33432,0.517897,-0.626158,1.84111,2
1.30359,0.885987,1.89254,1.66383,0.72649,1.31678,0
0.353858,1.37353,1.56172,0.325639,0.909931,0.803962,2
0.661411,0.881989,2.46005,0.671023,0.657544,1.94654,2
1.58842,0.468572,2.34425,-0.516504,0.83629,1.35265,3
1.22608,0.487724,3.3869,1.48823,0.769769,-0.637879,1
2.27265,2.39103,3.09828,0.271818,1.24381,1.26011,1
1.08363,0.436338,3.09197,-0.311233,0.51959,1.0024,3
-0.0337356,1.45317,3.23314,1.61649,1.16091,-0.359981,0
1.0379,1.082,4.1203,-0.1309,0.902148,1.3281,1
1.16109,0.0815715,4.11392,1.18839,1.798,2.07277,2
0.336569,1.54002,-0.277073,1.45542,0.455708,1.56396,2
4.44251,3.47221,2.18598,2.22695,2.38962,0.974984,2
1.24565,3.27301,2.04571,0.419751,2.72157,1.50597,2
0.386149,0.225156,0.636043,1.87938,1.62588,0.265737,1
1.76309,2.89104,1.4313,2.19382,0.941713,1.9181,-1
1.26013,1.08822,2.16913,1.10682,0.207643,0.283211,2
1.99623,1.85368,0.158101,1.52645,1.56637,3.21343,1
2.08926,1.48327,0.584093,0.505385,-0.162413,1.52285,3
0.441269,0.873533,0.575977,-0.00351218,2.18002,0.87196,2
0.195156,3.05966,3.26426,1.61668,0.492437,3.21418,1
1.36436,3.51184,3.01277,-0.0489442,2.59974,2.11798,2
0.378086,3.35014,2.25811,0.031274,1.50342,2.01527,2
1.85806,1.55056,0.888933,1.56905,0.317337,1.3301,3
1.44472,0.167857,2.82578,2.08142,2.0388,1.47884,0
1.19789,1.00242,-0.00596121,0.797907,1.55293,-0.38911,1
0.872164,2.88188,0.0361194,0.233478,0.662611,0.655316,2
0.666815,1.07092,0.706149,1.018,-1.06848,1.54078,1
1.2911,0.390033,1.80384,-0.164366,1.38199,0.330541,2
2.71831,0.257771,1.90315,1.28745,1.9071,2.24655,3
0.322361,2.54044,2.08616,1.07114,0.00536544,0.768524,1
0.0920012,1.41886,0.745862,0.91055,0.482578,2.31536,1
0.0243641,1.4358,3.65663,0.401902,1.47794,1.85605,2
2.10313,1.62427,2.60575,1.6088,2.55636,0.935616,2
2.85861,1.18998,0.510168,0.947032,1.10609,1.18242,1
0.536475,0.436154,0.748238,0.882,0.0868015,2.11658,-1
-0.179238,3.47448,2.29994,1.42095,1.15999,1.75778,2
3.53174,1.76483,1.14057,1.46685,0.874395,-0.13219,2
-0.451629,2.58281,1.36194,1.21589,1.38839,0.828155,0
0.333145,1.46641,1.06207,3.23482,0.128952,1.66177,0
1.53317,0.504749,0.887136,0.678705,1.27887,2.22195,3
1.36786,0.714982,0.00511708,-0.12484,-0.687895,-0.146712,2
1.29051,1.49287,1.90035,2.17908,1.00815,1.49732,0
0.101732,0.20921,3.52627,1.07926,1.0007,1.16038,1
0.272188,1.3035,2.83015,0.0217686,2.11485,0.354275,2
2.22572,2.49151,-0.53779,1.5244,1.83732,-0.275104,2
1.06966,1.22922,-0.0525668,0.921934,0.996699,1.96409,3
-1.0276,0.515175,-0.153719,1.21669,1.18799,1.85577,0
2.21838,2.17301,1.78636,1.06615,-0.127096,1.11885,1
2.63335,2.19383,2.50386,1.68153,1.23762,2.11199,1
2.40938,-0.00882044,-0.142847,0.425545,2.03561,2.3446,1
1.05216,1.90044,-0.813987,1.61496,1.13801,-0.348484,-1
2.00039,3.09067,-0.265684,0.320698,1.12728,1.69448,2
-0.313397,2.83868,0.918481,1.51488,0.772827,2.06607,2
0.99338,1.13331,3.17631,1.70872,1.05102,1.02649,3
2.16898,1.58902,1.3416,1.68056,-0.433899,2.93339,1
2.11568,0.677398,4.16387,0.554178,0.830396,1.86376,2
1.17799,1.47234,2.95539,2.19134,2.73142,1.11376,1
1.09838,3.54908,2.16827,-0.588851,2.60558,0.560894,1
0.181905,1.2184,-0.17311,1.47016,0.0690932,1.31555,2
2.45256,1.63738,-0.141943,0.852277,1.57576,0.650751,2
2.36281,1.5045,2.24824,2.01489,1.39306,-0.177909,1
2.36764,2.84627,1.48554,1.23384,2.14547,0.620589,1
1.32284,3.85812,1.46779,0.27057,1.10548,1.67867,2
2.56622,0.442647,3.15131,0.736611,1.23217,2.08535,1
1.68816,-0.461008,1.77411,2.52757,0.615038,2.79854,-2
0.879592,-0.485927,1.21186,1.08014,1.01133,1.49911,2
1.40171,0.258171,1.27375,0.466268,2.873,1.18744,2
1.03469,3.25644,2.7184,-0.0136136,2.42175,0.278449,2
2.60325,2.89781,2.25348,1.19172,1.17999,0.853758,3
0.886606,0.611415,1.4276,0.212276,2.52066,1.66229,1
1.32707,-0.581763,1.5796,1.84615,2.98936,0.0398387,1
0.797603,1.42872,0.896764,1.04073,0.20142,1.11434,2
1.35366,1.53596,2.2309,0.578392,0.968471,2.10284,-1
0.0417826,2.85084,1.55924,0.077555,1.02495,0.673565,3
2.61088,0.436616,2.27849,-1.02487,1.03341,0.933557,2
1.05783,1.37311,0.868639,1.29672,1.37043,2.0214,1
1.89767,2.66655,0.767605,1.67859,0.702064,-0.764642,1
1.54468,2.07079,2.64732,2.07814,-0.154099,0.436108,-1
1.29338,0.570953,0.652639,0.77958,0.0311584,0.836975,2
2.27577,2.44301,0.555659,1.42539,2.63076,0.457524,2
1.07459,1.27714,0.273672,1.46304,0.579469,0.328945,2
4.21461,4.20875,2.76184,2.17135,1.77166,0.958434,3
1.74707,4.62671,0.991465,0.530686,1.0393,1.23978,2
0.481194,1.76224,1.55971,0.203358,1.67561,1.03139,1
0.88128,2.91745,2.77257,1.52571,-0.547316,1.17859,1
2.40653,1.08342,3.6532,0.828618,1.78658,1.29519,2
1.06144,0.563568,2.49716,-0.178987,2.63503,0.805489,1
1.12889,0.844381,3.31211,1.50702,2.18188,1.33866,2
0.420011,1.61787,-0.385683,1.36328,1.08059,0.454117,3
1.21888,1.4436,1.20924,1.7142,0.193972,2.4826,0
1.11817,1.63165,2.65989,2.29429,0.761178,0.437467,1
1.3846,3.28624,1.95975,0.44307,1.22384,1.56472,2
1.25212,0.130116,2.70182,0.662031,0.675048,2.24991,2
1.09948,3.0673,1.61646,1.34616,1.11552,1.87534,2
1.86813,3.12101,0.911065,0.807694,0.966113,1.03266,2
0.818485,0.137367,0.739539,0.346898,0.244722,0.997258,2
0.664792,0.666897,1.92722,2.37876,1.44915,0.0876546,-1
2.17595,1.8443,-1.68486,-0.294149,1.23619,0.523621,1
1.30881,0.624842,-0.0501929,0.167359,-0.225964,1.00786,1
